HWM 095,Bus,Daewoo Motors,BF 106,2007,53421.05,Good,35,05:00-17:00,PUB-0015,NCR-A01
SMS 648,Bus,Yutong,ZK6122HD9,2022,38638.89,Good,24,06:00-18:00,PUB-0005,NCR-A02
HRN 303,Bus,Yutong,ZK6122HD9,2018,36016.52,Good,29,07:00-19:00,PUB-0012,NCR-A03
BNG 915,Bus,Hino Motors,RK8J,2018,31190.1,Good,23,08:00-20:00,PUB-0019,NCR-A04
OMX 336,Bus,Yutong,ZK6122HD9,2013,54896.07,Good,27,05:00-17:00,PUB-0018,NCR-A05
QYR 367,Bus,Hino Motors,RK8J,2022,40413.47,Good,18,06:00-18:00,PUB-0001,NCR-A06
IDH 274,Bus,Hino Motors,RK8J,2006,50943.24,Good,28,07:00-19:00,PUB-0017,NCR-A07
AEP 500,Bus,Yutong,ZK6122HD9,2003,58802.36,Good,26,08:00-20:00,PUB-0007,NCR-A08
BRN 822,Bus,Hino Motors,RK8J,2015,43433.54,Good,13,05:00-17:00,PUB-0011,NCR-A09
ZHV 662,Bus,Yutong,ZK6122HD9,2003,57035.1,Good,17,06:00-18:00,PUB-0013,NCR-A10
YXJ 752,Bus,Daewoo Motors,BF 106,2003,34976.87,Good,19,07:00-19:00,PUB-0018,NCR-A11
SIT 791,Bus,Hino Motors,RK8J,2006,54752.82,Good,26,08:00-20:00,PUB-0019,NCR-A12
SUJ 511,Bus,Daewoo Motors,BF 106,2014,55856.08,Good,36,05:00-17:00,PUB-0016,NCR-A13
KZV 308,Bus,Daewoo Motors,BF 106,2022,33237.09,Good,36,06:00-18:00,PUB-0009,NCR-A14
EBI 960,Bus,Yutong,ZK6122HD9,2015,38012.2,Good,15,07:00-19:00,PUB-0013,NCR-A15
EAI 161,Bus,Yutong,ZK6122HD9,2013,44979.29,Good,30,08:00-20:00,PUB-0021,NCR-A16
OKU 412,Bus,Hino Motors,RK8J,2020,55422.46,Good,28,05:00-17:00,PUB-0014,NCR-A17
LGE 719,Bus,Yutong,ZK6122HD9,2014,41259.5,Good,20,06:00-18:00,PUB-0015,NCR-A18
WMS 049,Bus,Hino Motors,RK8J,2010,41996.67,Good,17,07:00-19:00,PUB-0021,NCR-A19
TEZ 665,Bus,Daewoo Motors,BF 106,2018,56389.57,Good,37,08:00-20:00,PUB-0008,NCR-A20
HYW 919,Bus,Hino Motors,RK8J,2005,33323.97,Good,37,05:00-17:00,PUB-0009,NCR-A21
IXN 684,Bus,Hino Motors,RK8J,2019,30064.13,Good,35,06:00-18:00,PUB-0013,NCR-A22
LMF 692,Bus,Hino Motors,RK8J,2016,33165.77,Good,39,07:00-19:00,PUB-0004,NCR-A23
XHD 086,Bus,Yutong,ZK6122HD9,2013,51291.22,Good,17,08:00-20:00,PUB-0012,NCR-A24
WIK 868,Bus,Hino Motors,RK8J,2019,45488.06,Good,18,05:00-17:00,PUB-0019,NCR-A25
WKL 484,Bus,Hino Motors,RK8J,2022,53236.07,Good,37,06:00-18:00,PUB-0002,NCR-A26
COE 612,Bus,Hino Motors,RK8J,2019,43550.06,Good,16,07:00-19:00,PUB-0003,NCR-A27
KPD 979,Bus,Daewoo Motors,BF 106,2016,52014.6,Good,23,08:00-20:00,PUB-0013,NCR-A28
YJP 985,Bus,Yutong,ZK6122HD9,2014,57047.41,Good,20,05:00-17:00,PUB-0005,NCR-A29
ZIR 672,Bus,Hino Motors,RK8J,2020,40070.43,Good,35,06:00-18:00,PUB-0003,NCR-A30
POJ 858,Bus,Daewoo Motors,BF 106,2022,48447.24,Good,30,07:00-19:00,PUB-0015,NCR-A31
OJE 826,Bus,Daewoo Motors,BF 106,2011,37410.07,Good,37,08:00-20:00,PUB-0019,NCR-A32
LPT 635,Bus,Daewoo Motors,BF 106,2018,49944.11,Good,25,05:00-17:00,PUB-0004,NCR-A33
VPT 950,Bus,Yutong,ZK6122HD9,2013,59588.38,Good,25,06:00-18:00,PUB-0008,NCR-A34
THX 729,Bus,Hino Motors,RK8J,2013,31093.01,Good,17,07:00-19:00,PUB-0011,NCR-A35
PUU 292,Bus,Daewoo Motors,BF 106,2008,45598.37,Bad,27,08:00-20:00,PUB-0018,NCR-A36
DMB 814,Bus,Hino Motors,RK8J,2018,33920.45,Good,19,05:00-17:00,PUB-0018,NCR-A37
JUJ 729,Bus,Hino Motors,RK8J,2011,45880.11,Good,36,06:00-18:00,PUB-0009,NCR-A38
UBX 923,Bus,Yutong,ZK6122HD9,2007,33554.9,Good,26,07:00-19:00,PUB-0019,NCR-A39
XVZ 318,Bus,Yutong,ZK6122HD9,2012,43888.39,Good,20,08:00-20:00,PUB-0004,NCR-A40
DEZ 492,Bus,Yutong,ZK6122HD9,2020,44167.19,Good,30,05:00-17:00,PUB-0003,NCR-A41
IRC 103,Bus,Yutong,ZK6122HD9,2018,48477.69,Good,33,06:00-18:00,PUB-0005,NCR-A42
VMM 427,Bus,Hino Motors,RK8J,2020,43689.52,Good,31,07:00-19:00,PUB-0021,NCR-A43
FNI 837,Bus,Daewoo Motors,BF 106,2008,42946.82,Good,34,08:00-20:00,PUB-0001,NCR-A44
TKR 435,Bus,Hino Motors,RK8J,2018,32975.1,Good,31,05:00-17:00,PUB-0020,NCR-A45
SWK 997,Bus,Daewoo Motors,BF 106,2008,41098.06,Good,15,06:00-18:00,PUB-0015,NCR-A46
ZPM 985,Bus,Yutong,ZK6122HD9,2010,50770.12,Good,19,07:00-19:00,PUB-0003,NCR-A47
WAF 418,Bus,Hino Motors,RK8J,2019,45861.12,Good,36,08:00-20:00,PUB-0002,NCR-A48
JEF 941,Bus,Yutong,ZK6122HD9,2004,32782.18,Good,35,05:00-17:00,PUB-0010,NCR-A49
BIZ 879,Bus,Yutong,ZK6122HD9,2020,39043.64,Good,17,06:00-18:00,PUB-0001,NCR-A50
FRW 308,Bus,Hino Motors,RK8J,2017,57336.35,Good,33,07:00-19:00,PUB-0003,NCR-A51
KTC 339,Bus,Yutong,ZK6122HD9,2009,49337.37,Good,34,08:00-20:00,PUB-0009,NCR-A52
UEH 403,Bus,Daewoo Motors,BF 106,2012,49812.84,Good,33,05:00-17:00,PUB-0007,NCR-A53
LEY 294,Bus,Daewoo Motors,BF 106,2014,45880.04,Good,30,06:00-18:00,PUB-0021,NCR-A54
XLK 124,Bus,Yutong,ZK6122HD9,2014,39843.8,Good,15,07:00-19:00,PUB-0005,NCR-A55
BWX 077,Bus,Daewoo Motors,BF 106,2005,39380.07,Good,21,08:00-20:00,PUB-0013,NCR-A56
HGP 985,Bus,Yutong,ZK6122HD9,2012,51213.38,Good,37,05:00-17:00,PUB-0015,NCR-A57
FTR 244,Bus,Hino Motors,RK8J,2019,41882.73,Good,26,06:00-18:00,PUB-0007,NCR-A58
RCZ 042,Bus,Hino Motors,RK8J,2017,33493.52,Good,13,07:00-19:00,PUB-0009,NCR-A59
SIC 171,Bus,Hino Motors,RK8J,2021,45787.78,Good,27,08:00-20:00,PUB-0006,NCR-A60
BBG 354,Bus,Daewoo Motors,BF 106,2011,54577.58,Good,16,05:00-17:00,PUB-0016,NCR-A61
EKB 031,Bus,Daewoo Motors,BF 106,2019,39572.71,Good,30,06:00-18:00,PUB-0002,NCR-A62
HVA 442,Bus,Yutong,ZK6122HD9,2021,56050.73,Good,22,07:00-19:00,PUB-0004,NCR-A63
OMB 459,Bus,Daewoo Motors,BF 106,2006,59178.77,Good,24,08:00-20:00,PUB-0008,NCR-A64
NWT 196,Bus,Hino Motors,RK8J,2015,53242.59,Good,26,05:00-17:00,PUB-0003,NCR-A65
OYJ 188,Bus,Hino Motors,RK8J,2013,53488.08,Good,32,06:00-18:00,PUB-0017,NCR-A66
MDO 503,Bus,Daewoo Motors,BF 106,2009,49914.8,Bad,25,07:00-19:00,PUB-0014,NCR-A67
NQT 022,Bus,Hino Motors,RK8J,2021,38969.22,Good,27,08:00-20:00,PUB-0016,NCR-A68
KIP 560,Bus,Hino Motors,RK8J,2009,59476.31,Good,15,11:30-22:00,PUB-0009,NCR-A69
QGO 862,Bus,Yutong,ZK6122HD9,2011,52277.51,Good,20,04:00-15:30,PUB-0010,NCR-A70
XXP 510,Bus,Yutong,ZK6122HD9,2013,30005.41,Good,31,11:00-20:30,PUB-0014,NCR-A71
DPY 071,Bus,Daewoo Motors,BF 106,2012,42780.1,Good,24,06:30-13:30,PUB-0015,NCR-A72
UMD 340,Bus,Hino Motors,RK8J,2003,33301.73,Good,40,10:30-22:30,PUB-0001,NCR-A73
YPB 910,Bus,Daewoo Motors,BF 106,2018,41978.81,Good,15,15:00-23:30,PUB-0007,NCR-A74
EMP 821,Bus,Daewoo Motors,BF 106,2011,58966.09,Good,25,05:30-15:30,PUB-0022,NCR-A75
ROF 122,Bus,Daewoo Motors,BF 106,2004,45140.58,Good,21,16:30-23:30,PUB-0004,NCR-A76
CTX 069,Bus,Daewoo Motors,BF 106,2015,40194.28,Good,37,15:00-02:00,PUB-0013,NCR-A77
ALB 195,Bus,Daewoo Motors,BF 106,2003,47945.88,Good,16,08:30-15:00,PUB-0010,NCR-A78
CHX 616,Bus,Hino Motors,RK8J,2008,31697.43,Bad,23,09:00-19:30,PUB-0003,NCR-A79
FGX 123,Bus,Hino Motors,RK8J,2021,34520.84,Good,17,11:30-17:00,PUB-0001,NCR-A80
BNR 619,Bus,Yutong,ZK6122HD9,2013,36512.32,Good,23,08:00-19:30,PUB-0008,NCR-A81
VYO 059,Bus,Daewoo Motors,BF 106,2007,35180.15,Good,33,14:30-23:30,PUB-0022,NCR-A82
XHA 702,Bus,Daewoo Motors,BF 106,2014,45265.49,Good,19,08:00-15:00,PUB-0006,NCR-A83
ZUF 878,Bus,Daewoo Motors,BF 106,2010,51340.11,Good,30,08:00-18:00,PUB-0021,NCR-A84
XXT 541,Bus,Daewoo Motors,BF 106,2022,38706.99,Good,18,09:00-15:30,PUB-0010,NCR-A85
FJB 323,Bus,Hino Motors,RK8J,2013,52530.83,Good,14,09:00-21:30,PUB-0002,NCR-A86
TPV 808,Bus,Daewoo Motors,BF 106,2012,57404.23,Good,32,11:00-19:00,PUB-0013,NCR-A87
KJP 959,Bus,Daewoo Motors,BF 106,2012,40755.16,Good,32,09:00-17:30,PUB-0018,NCR-A88
CFP 797,Bus,Daewoo Motors,BF 106,2016,49367.98,Good,20,12:00-00:00,PUB-0007,NCR-A89
WTV 470,Bus,Daewoo Motors,BF 106,2017,48956.51,Good,27,12:00-00:30,PUB-0001,NCR-A90
AOR 284,Bus,Yutong,ZK6122HD9,2009,41531.45,Good,19,10:30-19:00,PUB-0010,NCR-A91
SXM 628,Bus,Hino Motors,RK8J,2006,33163.6,Good,22,08:30-15:30,PUB-0014,NCR-A92
UMV 027,Bus,Yutong,ZK6122HD9,2007,30939.32,Good,39,16:00-22:00,PUB-0010,NCR-A93
EUH 951,Bus,Hino Motors,RK8J,2007,44274.34,Bad,37,08:30-18:00,PUB-0009,NCR-A94
IUB 075,Bus,Daewoo Motors,BF 106,2015,32929.07,Good,40,11:30-22:00,PUB-0006,NCR-A95
PYS 283,Bus,Daewoo Motors,BF 106,2012,50435.85,Good,18,04:00-16:00,PUB-0018,NCR-A96
OMR 084,Bus,Daewoo Motors,BF 106,2008,53094.3,Good,25,06:30-17:30,PUB-0006,NCR-A97
CON 016,Bus,Daewoo Motors,BF 106,2012,31932.86,Good,25,06:00-14:00,PUB-0020,NCR-A98
XGS 883,Bus,Yutong,ZK6122HD9,2016,32143.15,Good,13,07:30-14:30,PUB-0021,NCR-A99
OFA 788,Bus,Daewoo Motors,BF 106,2003,56919.05,Good,12,11:30-21:00,PUB-0016,NCR-A100
YEQ 210,Bus,Hino Motors,RK8J,2009,37017.61,Good,36,04:30-11:30,PUB-0007,NCR-A101
NZP 957,Bus,Hino Motors,RK8J,2008,58916.56,Good,30,11:30-20:00,PUB-0016,NCR-A102
GMR 143,Bus,Daewoo Motors,BF 106,2021,30618.13,Good,24,06:00-15:30,PUB-0019,NCR-A103
QLK 175,Bus,Daewoo Motors,BF 106,2007,47974.08,Good,20,09:30-20:00,PUB-0004,NCR-A104
CVS 767,Bus,Yutong,ZK6122HD9,2016,31693.38,Good,30,13:30-22:30,PUB-0015,NCR-A105
WKZ 546,Bus,Yutong,ZK6122HD9,2020,38502.47,Good,27,15:00-03:30,PUB-0006,NCR-A106
NFC 556,Bus,Yutong,ZK6122HD9,2022,58187.07,Good,12,13:30-21:00,PUB-0021,NCR-A107
KYF 955,Bus,Yutong,ZK6122HD9,2005,48901.11,Good,27,09:00-21:00,PUB-0011,NCR-A108
XOI 815,Bus,Hino Motors,RK8J,2015,36625.87,Good,13,14:00-01:00,PUB-0001,NCR-A109
VNM 539,Bus,Hino Motors,RK8J,2022,31354.72,Good,22,08:30-18:30,PUB-0009,NCR-A110
SHO 632,Bus,Daewoo Motors,BF 106,2018,48289.07,Good,33,10:00-16:00,PUB-0016,NCR-A111
EUP 215,Bus,Hino Motors,RK8J,2010,34359.71,Good,30,08:30-16:30,PUB-0011,NCR-A112
RFM 513,Bus,Daewoo Motors,BF 106,2004,48832.18,Good,21,08:30-17:30,PUB-0022,NCR-A113
EFQ 800,Bus,Hino Motors,RK8J,2016,37372.65,Good,37,09:00-15:30,PUB-0006,NCR-A114
YBW 427,Bus,Yutong,ZK6122HD9,2011,34149.49,Good,19,09:00-17:30,PUB-0002,NCR-A115
GLR 479,Bus,Yutong,ZK6122HD9,2020,43543.35,Good,40,05:00-17:00,PUB-0006,NCR-A116
IOJ 686,Bus,Yutong,ZK6122HD9,2022,50682.2,Good,27,14:00-20:30,PUB-0009,NCR-A117
FJO 467,Bus,Hino Motors,RK8J,2021,58980.9,Good,29,15:30-01:30,PUB-0012,NCR-A118
ZHA 973,Bus,Hino Motors,RK8J,2012,42928.49,Good,32,04:30-15:30,PUB-0002,NCR-A119
JIY 915,Bus,Hino Motors,RK8J,2003,49240.11,Good,33,05:00-15:30,PUB-0009,NCR-A120
PPO 756,Bus,Yutong,ZK6122HD9,2021,38833.52,Good,12,06:00-17:30,PUB-0014,NCR-A121
AYB 091,Bus,Yutong,ZK6122HD9,2018,51313.77,Good,19,08:30-17:30,PUB-0020,NCR-A122
VRE 893,Bus,Daewoo Motors,BF 106,2022,36048.82,Good,27,14:30-02:30,PUB-0014,NCR-A123
LPR 412,Bus,Daewoo Motors,BF 106,2003,37642.6,Good,26,10:30-22:30,PUB-0009,NCR-A124
HUP 306,Bus,Daewoo Motors,BF 106,2021,33107.33,Good,24,04:00-14:30,PUB-0004,NCR-A125
EUF 337,Bus,Yutong,ZK6122HD9,2013,39240.22,Good,36,14:00-01:00,PUB-0016,NCR-A126
SHL 839,Bus,Yutong,ZK6122HD9,2007,39573.02,Good,27,11:30-19:00,PUB-0008,NCR-A127
FCG 670,Bus,Yutong,ZK6122HD9,2006,39015.57,Good,31,07:00-14:30,PUB-0013,NCR-A128
IHJ 034,Bus,Daewoo Motors,BF 106,2005,35916.28,Good,23,13:30-19:00,PUB-0015,NCR-A129
PQC 891,Bus,Daewoo Motors,BF 106,2011,38839.84,Good,13,08:00-20:30,PUB-0013,NCR-A130
ORV 104,Bus,Daewoo Motors,BF 106,2021,58810.54,Good,31,14:00-01:30,PUB-0013,NCR-A131
EZF 853,Bus,Hino Motors,RK8J,2003,50782.54,Good,36,08:30-16:00,PUB-0004,NCR-A132
BHF 953,Bus,Hino Motors,RK8J,2006,49675.97,Good,31,10:30-21:30,PUB-0015,NCR-A133
XAO 993,Bus,Hino Motors,RK8J,2018,49117.78,Good,23,06:30-16:00,PUB-0017,NCR-A134
UPD 076,Bus,Daewoo Motors,BF 106,2004,41157.8,Good,29,04:30-13:30,PUB-0011,NCR-A135
CHB 247,Bus,Hino Motors,RK8J,2006,52623.93,Good,22,08:00-19:30,PUB-0017,NCR-A136
ROL 100,Bus,Hino Motors,RK8J,2012,31869.76,Good,13,06:30-15:30,PUB-0019,NCR-A137
JAT 483,Bus,Hino Motors,RK8J,2006,36179.09,Good,38,07:00-15:00,PUB-0003,NCR-A138
HNP 186,Bus,Yutong,ZK6122HD9,2014,51253.01,Good,33,07:00-15:30,PUB-0012,NCR-A139
DWF 167,Bus,Yutong,ZK6122HD9,2010,56726.52,Good,40,14:00-23:00,PUB-0012,NCR-A140
ONR 011,Bus,Daewoo Motors,BF 106,2012,47014.32,Good,33,10:00-18:30,PUB-0007,NCR-A141
ZOR 890,Bus,Yutong,ZK6122HD9,2012,47376.6,Good,31,04:30-10:30,PUB-0008,NCR-A142
ULV 518,Bus,Hino Motors,RK8J,2005,39477.38,Good,30,10:00-19:30,PUB-0008,NCR-A143
WBM 739,Bus,Hino Motors,RK8J,2018,33732.36,Good,39,12:00-21:00,PUB-0020,NCR-A144
ZTZ 423,Bus,Yutong,ZK6122HD9,2019,39768.94,Good,35,04:30-15:00,PUB-0021,NCR-A145
ATX 360,Bus,Hino Motors,RK8J,2011,52334.36,Bad,16,13:00-21:30,PUB-0003,NCR-A146
UAG 334,Bus,Yutong,ZK6122HD9,2010,30211.96,Good,20,16:00-01:00,PUB-0007,NCR-A147
EXD 075,Bus,Yutong,ZK6122HD9,2005,57848.94,Good,35,04:00-10:30,PUB-0003,NCR-A148
HNK 843,Bus,Daewoo Motors,BF 106,2015,44704.29,Good,21,07:00-18:00,PUB-0007,NCR-A149
ORQ 214,Bus,Hino Motors,RK8J,2016,55822.17,Good,30,13:00-19:30,PUB-0021,NCR-A150
TAN 605,Bus,Daewoo Motors,BF 106,2005,30923.42,Good,23,08:30-15:00,PUB-0007,NCR-A151
YQW 313,Bus,Hino Motors,RK8J,2007,57200.02,Good,34,08:30-17:00,PUB-0003,NCR-A152
PPK 811,Bus,Yutong,ZK6122HD9,2003,53361.14,Good,22,10:00-21:00,PUB-0007,NCR-A153
FJX 650,Bus,Yutong,ZK6122HD9,2007,34326.79,Good,39,04:30-13:30,PUB-0008,NCR-A154
YTU 108,Bus,Daewoo Motors,BF 106,2020,44943.34,Good,30,14:00-02:00,PUB-0001,NCR-A155
HKD 229,Bus,Hino Motors,RK8J,2011,50760.56,Good,30,08:00-14:30,PUB-0017,NCR-A156
MCP 693,Bus,Daewoo Motors,BF 106,2009,53269.58,Good,38,12:30-19:30,PUB-0001,NCR-A157
EAZ 180,Bus,Daewoo Motors,BF 106,2021,44575.56,Good,35,15:00-00:30,PUB-0008,NCR-A158
AHJ 892,Bus,Hino Motors,RK8J,2011,55507.34,Good,27,13:00-21:00,PUB-0001,NCR-A159
GIH 719,Bus,Hino Motors,RK8J,2018,45265.16,Good,37,05:00-14:00,PUB-0004,NCR-A160
ZRP 327,Bus,Daewoo Motors,BF 106,2011,52071.67,Good,32,13:30-01:00,PUB-0004,NCR-A161
OFA 274,Bus,Daewoo Motors,BF 106,2020,59854.21,Bad,34,07:30-19:30,PUB-0008,NCR-A162
CCH 527,Bus,Daewoo Motors,BF 106,2007,43918.43,Good,22,15:30-21:00,PUB-0017,NCR-A163
DTF 833,Bus,Yutong,ZK6122HD9,2020,31901.02,Good,38,06:30-14:30,PUB-0011,NCR-A164
XHW 253,Bus,Yutong,ZK6122HD9,2022,37079.88,Good,21,06:30-18:30,PUB-0021,NCR-A165
WZB 420,Bus,Yutong,ZK6122HD9,2016,30812.43,Good,34,11:30-23:30,PUB-0017,NCR-A166
IXU 289,Bus,Hino Motors,RK8J,2019,44149.55,Good,33,04:30-14:00,PUB-0011,NCR-A167
REV 936,Bus,Hino Motors,RK8J,2008,36497.93,Good,14,04:30-15:00,PUB-0011,NCR-A168
DHM 102,Bus,Yutong,ZK6122HD9,2014,48555.45,Good,19,06:30-14:30,PUB-0008,NCR-A169
FTS 964,Bus,Hino Motors,RK8J,2006,39876.37,Good,36,08:30-20:30,PUB-0021,NCR-A170
RGP 687,Bus,Hino Motors,RK8J,2012,38460.04,Good,20,11:30-18:00,PUB-0021,NCR-A171
JFY 123,Bus,Hino Motors,RK8J,2005,43935.17,Good,36,05:30-13:00,PUB-0011,NCR-A172
ISH 634,PUJ,Sta. Rosa Motor Works,Bagong Jeep,2014,59410.96,Good,14,04:00-14:30,PUB-0051,NCR-A173
MBW 611,PUJ,Hino Motors,Hino 300,2022,35582.26,Good,37,10:30-20:30,PUB-0084,NCR-A174
HKB 390,PUJ,Sta. Rosa Motor Works,Bagong Jeep,2017,44781.28,Good,16,14:00-21:30,PUB-0060,NCR-A175
XME 110,PUJ,Almazora Motors,QKR77,2015,46424.68,Good,16,12:30-18:30,PUB-0089,NCR-A176
VHZ 398,PUJ,Sta. Rosa Motor Works,Bagong Jeep,2020,43693.57,Good,25,13:00-21:00,PUB-0075,NCR-A177
PLB 571,PUJ,Sta. Rosa Motor Works,SR Jeep,2004,55804.66,Good,21,11:00-20:30,PUB-0024,NCR-A178
CTO 662,PUJ,Hino Motors,Hino 300,2003,38168.19,Good,23,05:00-12:00,PUB-0036,NCR-A179
TYC 790,PUJ,Almazora Motors,Canter,2012,48541.68,Good,14,10:30-18:00,PUB-0086,NCR-A180
ICO 535,PUJ,Hino Motors,Hino 300,2018,39685.13,Good,34,15:00-22:00,PUB-0035,NCR-A181
MYP 846,PUJ,Star 8 Green Technology,Solar,2015,43051.79,Good,26,11:30-22:00,PUB-0023,NCR-A182
GFM 981,PUJ,Star 8 Green Technology,Solar,2018,52406.64,Good,24,10:00-19:30,PUB-0065,NCR-A183
UYV 486,PUJ,Almazora Motors,Canter,2009,40724.47,Good,19,11:00-20:30,PUB-0073,NCR-A184
AOJ 610,PUJ,Del Monte Motor Works,HD50S,2008,56470.51,Good,21,13:30-23:30,PUB-0036,NCR-A185
LRD 497,PUJ,Global Electric Transport,COMET,2022,42052,Good,37,08:00-15:30,PUB-0074,NCR-A186
AMT 524,PUJ,Star 8 Green Technology,Solar,2018,32690.23,Good,19,13:30-20:30,PUB-0058,NCR-A187
MFL 383,PUJ,Almazora Motors,Canter,2013,56939.32,Good,29,08:30-15:30,PUB-0077,NCR-A188
UBY 102,PUJ,Almazora Motors,Canter,2016,34601.69,Good,20,11:30-23:30,PUB-0052,NCR-A189
MAH 019,PUJ,Hino Motors,Hino 300,2008,34569.77,Good,14,08:00-20:00,PUB-0086,NCR-A190
ZWR 550,PUJ,Almazora Motors,QKR77,2009,32749.27,Good,34,06:00-15:30,PUB-0058,NCR-A191
HKW 969,PUJ,Global Electric Transport,COMET,2014,49747.62,Good,25,16:00-04:30,PUB-0055,NCR-A192
BBM 673,PUJ,Sta. Rosa Motor Works,SR Jeep,2021,34768.01,Good,32,05:00-15:00,PUB-0079,NCR-A193
UKY 788,PUJ,Almazora Motors,QKR77,2012,31157.09,Good,28,11:30-18:00,PUB-0060,NCR-A194
AKG 008,PUJ,Sta. Rosa Motor Works,Bagong Jeep,2018,37541.59,Good,33,10:00-20:30,PUB-0027,NCR-A195
WPI 452,PUJ,Hino Motors,Hino 300,2012,47356.89,Good,37,13:30-19:00,PUB-0037,NCR-A196
SRZ 296,PUJ,Sta. Rosa Motor Works,SR Jeep,2018,31317.85,Good,30,09:30-20:00,PUB-0059,NCR-A197
IVN 961,PUJ,Del Monte Motor Works,HD50S,2017,45404.36,Good,21,07:30-17:30,PUB-0074,NCR-A198
NKC 766,PUJ,Sta. Rosa Motor Works,SR Jeep,2018,34488.37,Good,21,08:30-15:00,PUB-0083,NCR-A199
SDL 354,PUJ,Global Electric Transport,COMET,2014,51653.52,Good,14,14:30-20:00,PUB-0056,NCR-A200
ZCB 366,PUJ,Hino Motors,Hino 300,2009,58606.65,Good,27,08:30-20:30,PUB-0060,NCR-A201
WFF 794,PUJ,Sta. Rosa Motor Works,Bagong Jeep,2007,34514.33,Good,36,08:30-16:00,PUB-0089,NCR-A202
NNM 500,PUJ,Star 8 Green Technology,Solar,2011,30100.95,Good,34,10:30-22:30,PUB-0038,NCR-A203
TSE 051,PUJ,Sta. Rosa Motor Works,Bagong Jeep,2013,49049.24,Good,25,13:00-01:00,PUB-0044,NCR-A204
AAY 330,PUJ,Global Electric Transport,COMET,2016,42703.25,Good,33,07:30-15:30,PUB-0072,NCR-A205
ZZO 567,PUJ,Sta. Rosa Motor Works,Bagong Jeep,2012,57070.87,Good,20,16:00-04:00,PUB-0041,NCR-A206
KUW 611,PUJ,Global Electric Transport,COMET,2011,58881.72,Good,20,16:00-23:00,PUB-0084,NCR-A207
QRB 164,PUJ,Del Monte Motor Works,HD50S,2004,41228.17,Good,24,16:00-02:30,PUB-0082,NCR-A208
LVZ 700,PUJ,Del Monte Motor Works,HD50S,2009,58608.87,Good,27,12:00-18:30,PUB-0051,NCR-A209
LCU 127,PUJ,Global Electric Transport,COMET,2015,48166.27,Good,24,11:30-21:30,PUB-0063,NCR-A210
XZZ 612,PUJ,Del Monte Motor Works,HD50S,2006,47432.48,Good,28,04:30-12:30,PUB-0073,NCR-A211
XXJ 680,PUJ,Del Monte Motor Works,HD50S,2015,41462.48,Good,33,14:00-01:00,PUB-0056,NCR-A212
KGT 937,PUJ,Sta. Rosa Motor Works,SR Jeep,2015,46394.11,Good,27,16:00-01:30,PUB-0027,NCR-A213
AIP 112,PUJ,Sta. Rosa Motor Works,Bagong Jeep,2008,37255.75,Bad,18,08:30-16:00,PUB-0038,NCR-A214
OTP 155,PUJ,Almazora Motors,Canter,2011,52633.7,Good,15,12:30-20:00,PUB-0060,NCR-A215
GHY 714,PUJ,Del Monte Motor Works,HD50S,2004,35610.72,Good,25,07:30-19:30,PUB-0036,NCR-A216
KJN 505,PUJ,Sta. Rosa Motor Works,Bagong Jeep,2016,57819,Good,16,06:30-17:00,PUB-0066,NCR-A217
BIF 719,PUJ,Hino Motors,Hino 300,2013,35813.63,Good,36,05:30-15:00,PUB-0078,NCR-A218
FPZ 137,PUJ,Hino Motors,Hino 300,2004,50632.4,Good,17,07:00-17:30,PUB-0035,NCR-A219
VJN 797,PUJ,Global Electric Transport,COMET,2003,47259.8,Good,16,12:30-20:00,PUB-0056,NCR-A220
IBJ 696,PUJ,Del Monte Motor Works,HD48GT,2009,43021.03,Good,20,04:30-12:30,PUB-0051,NCR-A221
GDJ 649,PUJ,Del Monte Motor Works,HD50S,2011,41276.47,Good,26,09:30-18:30,PUB-0041,NCR-A222
RNG 816,PUJ,Global Electric Transport,COMET,2006,33095.2,Good,40,12:30-23:00,PUB-0081,NCR-A223
QWA 170,PUJ,Star 8 Green Technology,Solar,2003,55067.72,Good,19,13:30-23:30,PUB-0066,NCR-A224
DSI 493,PUJ,Del Monte Motor Works,HD50S,2012,58489.53,Good,33,11:00-22:00,PUB-0043,NCR-A225
HWU 223,PUJ,Sta. Rosa Motor Works,Bagong Jeep,2013,34375.5,Good,39,07:30-17:00,PUB-0054,NCR-A226
DYH 129,PUJ,Del Monte Motor Works,HD48GT,2009,38092.37,Good,31,07:00-17:00,PUB-0055,NCR-A227
CRD 847,PUJ,Almazora Motors,QKR77,2017,56341.49,Good,26,11:00-18:30,PUB-0068,NCR-A228
GCN 475,PUJ,Sta. Rosa Motor Works,Bagong Jeep,2022,39362.09,Good,24,09:30-19:00,PUB-0038,NCR-A229
MWV 025,PUJ,Sta. Rosa Motor Works,Bagong Jeep,2010,53202.89,Good,16,07:30-16:30,PUB-0076,NCR-A230
WTH 209,PUJ,Hino Motors,Hino 300,2017,45426.89,Good,14,06:30-17:00,PUB-0087,NCR-A231
SHR 150,PUJ,Almazora Motors,QKR77,2006,40009.96,Good,36,11:00-17:00,PUB-0071,NCR-A232
QMW 347,PUJ,Sta. Rosa Motor Works,SR Jeep,2012,34702.05,Good,18,08:30-16:30,PUB-0070,NCR-A233
XYF 092,PUJ,Hino Motors,Hino 300,2012,44662.89,Good,15,14:30-00:30,PUB-0026,NCR-A234
SWC 835,PUJ,Sta. Rosa Motor Works,SR Jeep,2008,35341.29,Good,39,12:30-23:00,PUB-0029,NCR-A235
FSD 161,PUJ,Almazora Motors,Canter,2022,35601.67,Good,37,06:00-14:30,PUB-0034,NCR-A236
JQA 174,PUJ,Almazora Motors,Canter,2014,35020.25,Good,37,13:00-23:30,PUB-0027,NCR-A237
AIQ 773,PUJ,Sta. Rosa Motor Works,Bagong Jeep,2016,54142.82,Good,20,11:00-20:30,PUB-0086,NCR-A238
BMT 464,PUJ,Del Monte Motor Works,HD50S,2006,42098.52,Good,37,14:30-02:00,PUB-0028,NCR-A239
AIB 674,PUJ,Global Electric Transport,COMET,2006,59736.26,Bad,23,14:30-22:30,PUB-0051,NCR-A240
OSN 599,PUJ,Del Monte Motor Works,HD50S,2018,33557.45,Good,38,09:30-20:00,PUB-0025,NCR-A241
KDL 838,PUJ,Global Electric Transport,COMET,2012,44007.52,Good,31,10:30-18:30,PUB-0074,NCR-A242
ECU 555,PUJ,Star 8 Green Technology,Solar,2015,34400.18,Good,28,09:30-19:30,PUB-0047,NCR-A243
RWU 971,PUJ,Sta. Rosa Motor Works,Bagong Jeep,2007,53404.46,Good,25,08:00-19:30,PUB-0060,NCR-A244
EZP 835,PUJ,Del Monte Motor Works,HD48GT,2004,39438.2,Good,29,06:00-12:30,PUB-0047,NCR-A245
FTW 264,PUJ,Almazora Motors,QKR77,2011,55993.44,Good,14,09:00-20:30,PUB-0055,NCR-A246
GQO 809,PUJ,Almazora Motors,QKR77,2017,48849.3,Good,23,14:30-20:30,PUB-0085,NCR-A247
LKC 671,PUJ,Global Electric Transport,COMET,2022,48343.84,Good,27,10:30-21:30,PUB-0089,NCR-A248
PNT 126,PUJ,Sta. Rosa Motor Works,SR Jeep,2009,51593.55,Good,25,06:30-14:30,PUB-0055,NCR-A249
RMH 674,PUJ,Almazora Motors,Canter,2005,58834.38,Good,34,12:00-23:00,PUB-0082,NCR-A250
FRO 868,PUJ,Hino Motors,Hino 300,2007,39251,Good,12,10:30-17:00,PUB-0032,NCR-A251
UTO 681,PUJ,Almazora Motors,QKR77,2009,59595.78,Good,23,07:30-13:00,PUB-0065,NCR-A252
HZN 212,PUJ,Sta. Rosa Motor Works,Bagong Jeep,2003,33283.36,Good,21,05:00-17:30,PUB-0084,NCR-A253
VBH 852,PUJ,Sta. Rosa Motor Works,Bagong Jeep,2010,58994.64,Good,19,07:00-16:00,PUB-0084,NCR-A254
TXG 025,PUJ,Del Monte Motor Works,HD50S,2022,49067.45,Good,17,15:00-01:30,PUB-0064,NCR-A255
AIS 501,PUJ,Sta. Rosa Motor Works,Bagong Jeep,2016,49616.43,Good,36,14:30-23:00,PUB-0023,NCR-A256
TAO 944,PUJ,Star 8 Green Technology,Solar,2008,36116.66,Good,40,09:00-18:00,PUB-0032,NCR-A257
FGG 197,PUJ,Star 8 Green Technology,Solar,2018,39590.1,Good,18,12:00-00:30,PUB-0028,NCR-A258
XIX 283,PUJ,Del Monte Motor Works,HD48GT,2005,40931.78,Good,21,13:30-23:30,PUB-0075,NCR-A259
DAK 516,PUJ,Del Monte Motor Works,HD50S,2015,42537.03,Good,36,11:30-21:00,PUB-0042,NCR-A260
FSQ 688,PUJ,Global Electric Transport,COMET,2022,54187.21,Good,39,06:00-17:30,PUB-0080,NCR-A261
ZGD 162,PUJ,Star 8 Green Technology,Solar,2014,48373.52,Good,26,12:30-00:00,PUB-0070,NCR-A262
JBK 852,PUJ,Global Electric Transport,COMET,2007,49055.51,Good,31,09:00-20:30,PUB-0060,NCR-A263
JIS 970,PUJ,Del Monte Motor Works,HD50S,2022,38491.47,Good,17,15:00-01:00,PUB-0035,NCR-A264
RXT 017,PUJ,Sta. Rosa Motor Works,SR Jeep,2020,38957.65,Good,16,14:30-01:30,PUB-0041,NCR-A265
KEF 703,PUJ,Del Monte Motor Works,HD48GT,2006,55060.3,Good,38,05:30-15:30,PUB-0079,NCR-A266
UHF 676,PUJ,Sta. Rosa Motor Works,Bagong Jeep,2016,42853.68,Bad,17,16:00-23:30,PUB-0074,NCR-A267
POD 203,PUJ,Almazora Motors,QKR77,2021,48685.21,Good,26,07:30-13:00,PUB-0066,NCR-A268
MEJ 553,PUJ,Hino Motors,Hino 300,2016,55192.9,Good,12,04:00-14:00,PUB-0088,NCR-A269
GPN 615,PUJ,Sta. Rosa Motor Works,SR Jeep,2016,41004.85,Good,14,05:00-12:30,PUB-0061,NCR-A270
FMB 085,PUJ,Sta. Rosa Motor Works,SR Jeep,2004,37691.23,Good,37,05:00-14:00,PUB-0081,NCR-A271
HTT 932,PUJ,Del Monte Motor Works,HD48GT,2006,36460.95,Good,29,04:00-15:30,PUB-0054,NCR-A272
IPR 773,PUJ,Sta. Rosa Motor Works,Bagong Jeep,2010,33349.29,Good,29,08:00-14:30,PUB-0058,NCR-A273
DYU 721,PUJ,Del Monte Motor Works,HD48GT,2016,31853.16,Good,31,06:00-16:00,PUB-0080,NCR-A274
RPE 083,PUJ,Sta. Rosa Motor Works,Bagong Jeep,2013,46106.32,Good,22,15:30-01:00,PUB-0061,NCR-A275
GTK 281,PUJ,Sta. Rosa Motor Works,SR Jeep,2008,42040.27,Good,27,07:30-18:00,PUB-0051,NCR-A276
KDY 793,PUJ,Sta. Rosa Motor Works,SR Jeep,2013,32240.53,Good,40,15:00-23:00,PUB-0079,NCR-A277
LJE 964,PUJ,Global Electric Transport,COMET,2015,38464.65,Good,18,12:00-20:00,PUB-0082,NCR-A278
KFH 050,PUJ,Sta. Rosa Motor Works,Bagong Jeep,2012,30541.14,Good,21,16:30-03:00,PUB-0071,NCR-A279
BPQ 323,PUJ,Hino Motors,Hino 300,2003,47746.82,Good,25,13:00-20:30,PUB-0060,NCR-A280
SJV 159,PUJ,Global Electric Transport,COMET,2004,37993.7,Good,38,09:00-15:00,PUB-0052,NCR-A281
HJX 198,PUJ,Almazora Motors,Canter,2014,36896.73,Good,25,04:30-11:30,PUB-0041,NCR-A282
DMJ 022,PUJ,Almazora Motors,QKR77,2014,56195.24,Good,39,10:00-16:00,PUB-0053,NCR-A283
VOG 094,PUJ,Del Monte Motor Works,HD48GT,2003,35861.46,Good,27,11:30-22:30,PUB-0081,NCR-A284
BSV 309,PUJ,Almazora Motors,QKR77,2016,48767.21,Good,14,16:30-02:30,PUB-0026,NCR-A285
XHW 354,PUJ,Del Monte Motor Works,HD48GT,2005,49604.68,Good,27,09:30-21:30,PUB-0068,NCR-A286
DQA 590,PUJ,Del Monte Motor Works,HD50S,2021,42169.35,Good,19,05:30-14:30,PUB-0024,NCR-A287
MGJ 771,PUJ,Star 8 Green Technology,Solar,2003,39324.34,Good,18,14:00-23:00,PUB-0063,NCR-A288
JWD 309,PUJ,Del Monte Motor Works,HD50S,2019,34112.66,Good,18,15:30-00:00,PUB-0030,NCR-A289
RMT 683,PUJ,Sta. Rosa Motor Works,SR Jeep,2017,37165.03,Bad,30,09:00-20:30,PUB-0049,NCR-A290
GJF 370,PUJ,Del Monte Motor Works,HD48GT,2020,53072.86,Good,40,10:00-20:30,PUB-0049,NCR-A291
OBO 204,PUJ,Del Monte Motor Works,HD48GT,2019,50487.65,Good,37,12:30-19:00,PUB-0041,NCR-A292
ACD 573,PUJ,Star 8 Green Technology,Solar,2019,42685.33,Good,19,07:00-15:00,PUB-0036,NCR-A293
HUC 930,PUJ,Almazora Motors,QKR77,2014,31176.46,Good,36,06:30-18:30,PUB-0034,NCR-A294
DBW 919,PUJ,Global Electric Transport,COMET,2008,54281.61,Good,23,06:30-14:30,PUB-0054,NCR-A295
JKM 612,PUJ,Global Electric Transport,COMET,2020,46509.05,Good,14,04:00-14:00,PUB-0079,NCR-A296
CCU 116,PUJ,Sta. Rosa Motor Works,Bagong Jeep,2018,40743.22,Good,14,10:00-20:00,PUB-0045,NCR-A297
CEZ 409,PUJ,Hino Motors,Hino 300,2009,41957.01,Good,20,14:00-00:00,PUB-0032,NCR-A298
UKI 331,PUJ,Del Monte Motor Works,HD50S,2022,36196.16,Good,12,04:00-16:30,PUB-0079,NCR-A299
MEP 799,PUJ,Almazora Motors,Canter,2016,38380.51,Good,29,04:30-13:30,PUB-0025,NCR-A300
YQT 993,PUJ,Del Monte Motor Works,HD50S,2010,32901.11,Good,24,11:30-22:00,PUB-0066,NCR-A301
WRE 095,PUJ,Sta. Rosa Motor Works,Bagong Jeep,2006,35702.69,Good,29,16:00-23:30,PUB-0041,NCR-A302
MQF 825,PUJ,Hino Motors,Hino 300,2005,41705.17,Good,32,10:30-22:00,PUB-0087,NCR-A303
AXI 155,PUJ,Del Monte Motor Works,HD50S,2004,49698.78,Good,32,11:30-21:30,PUB-0041,NCR-A304
ERF 680,PUJ,Global Electric Transport,COMET,2020,44314.17,Good,28,12:30-21:00,PUB-0029,NCR-A305
FYB 517,PUJ,Global Electric Transport,COMET,2018,37097.88,Bad,24,09:00-18:00,PUB-0071,NCR-A306
VLB 356,PUJ,Global Electric Transport,COMET,2022,33085.2,Good,18,05:00-13:30,PUB-0047,NCR-A307
KHE 239,PUJ,Del Monte Motor Works,HD50S,2014,48731.67,Good,36,12:00-22:00,PUB-0033,NCR-A308
UQM 229,PUJ,Almazora Motors,Canter,2020,32165.73,Good,38,06:00-16:30,PUB-0054,NCR-A309
RNU 834,PUJ,Almazora Motors,Canter,2020,57770.52,Good,37,05:30-13:30,PUB-0075,NCR-A310
YSS 253,PUJ,Almazora Motors,QKR77,2016,50369,Good,22,13:30-00:00,PUB-0086,NCR-A311
FGT 395,PUJ,Almazora Motors,QKR77,2010,57170.55,Good,12,16:00-23:30,PUB-0076,NCR-A312
QSK 943,PUJ,Hino Motors,Hino 300,2017,31953.86,Good,15,15:00-01:00,PUB-0044,NCR-A313
CXB 447,PUJ,Almazora Motors,QKR77,2020,58418.57,Good,21,13:00-21:30,PUB-0029,NCR-A314
ZYI 561,PUJ,Almazora Motors,QKR77,2019,55548.82,Good,23,13:30-23:30,PUB-0086,NCR-A315
ZEQ 401,PUJ,Sta. Rosa Motor Works,SR Jeep,2015,43433.84,Good,22,15:30-00:30,PUB-0044,NCR-A316
ISE 736,PUJ,Global Electric Transport,COMET,2009,39983.64,Good,39,08:00-16:30,PUB-0057,NCR-A317
NJL 323,PUJ,Sta. Rosa Motor Works,SR Jeep,2021,56724.99,Good,25,08:00-16:30,PUB-0051,NCR-A318
FSN 231,PUJ,Hino Motors,Hino 300,2008,40959.56,Good,17,07:00-17:00,PUB-0088,NCR-A319
ITC 848,PUJ,Sta. Rosa Motor Works,Bagong Jeep,2006,30094.85,Good,27,10:00-17:30,PUB-0053,NCR-A320
RWA 381,PUJ,Del Monte Motor Works,HD50S,2015,58179.09,Good,27,04:00-14:00,PUB-0058,NCR-A321
CAE 696,PUJ,Del Monte Motor Works,HD50S,2018,42258.47,Good,28,11:30-23:00,PUB-0046,NCR-A322
VIU 421,PUJ,Del Monte Motor Works,HD50S,2003,58507.71,Good,36,04:00-11:30,PUB-0052,NCR-A323
HCZ 958,PUJ,Almazora Motors,Canter,2020,52861.56,Good,37,12:00-19:30,PUB-0059,NCR-A324
OEL 310,PUJ,Almazora Motors,QKR77,2018,31607.43,Good,37,13:00-23:00,PUB-0087,NCR-A325
JPS 883,PUJ,Sta. Rosa Motor Works,SR Jeep,2020,55697.5,Good,37,04:30-11:00,PUB-0086,NCR-A326
IRX 809,PUJ,Sta. Rosa Motor Works,Bagong Jeep,2005,49506.04,Good,39,06:30-18:00,PUB-0085,NCR-A327
ARJ 106,PUJ,Sta. Rosa Motor Works,Bagong Jeep,2011,35100.38,Good,17,06:30-12:30,PUB-0036,NCR-A328
EHC 099,PUJ,Sta. Rosa Motor Works,SR Jeep,2008,48551.79,Good,40,11:00-17:00,PUB-0077,NCR-A329
MGE 102,PUJ,Del Monte Motor Works,HD48GT,2007,33797.62,Good,32,13:30-00:30,PUB-0088,NCR-A330
TAX 039,PUJ,Sta. Rosa Motor Works,SR Jeep,2015,56927.37,Good,17,07:30-16:00,PUB-0038,NCR-A331
CES 973,PUJ,Almazora Motors,Canter,2012,37183.89,Good,39,15:30-03:00,PUB-0075,NCR-A332
EGK 198,PUJ,Del Monte Motor Works,HD48GT,2017,44418.17,Good,40,10:00-22:00,PUB-0057,NCR-A333
QKJ 410,PUJ,Del Monte Motor Works,HD50S,2014,39454.65,Good,40,14:00-20:30,PUB-0076,NCR-A334
FHS 224,PUJ,Global Electric Transport,COMET,2021,42604.86,Good,16,16:00-02:30,PUB-0054,NCR-A335
CLY 752,PUJ,Star 8 Green Technology,Solar,2010,37052.51,Good,29,07:00-13:30,PUB-0078,NCR-A336
ONI 695,PUJ,Hino Motors,Hino 300,2020,31257.1,Good,25,13:00-23:30,PUB-0028,NCR-A337
ELE 074,PUJ,Almazora Motors,Canter,2019,49656.51,Bad,39,15:30-23:00,PUB-0042,NCR-A338
IAY 041,PUJ,Star 8 Green Technology,Solar,2012,49649.27,Good,34,07:30-17:00,PUB-0080,NCR-A339
LWR 483,PUJ,Hino Motors,Hino 300,2003,49838.33,Good,24,04:30-16:00,PUB-0044,NCR-A340
CBG 811,PUJ,Sta. Rosa Motor Works,Bagong Jeep,2005,43086.22,Good,24,08:00-17:00,PUB-0043,NCR-A341
HGQ 429,PUJ,Hino Motors,Hino 300,2019,39371.38,Good,39,13:30-22:00,PUB-0033,NCR-A342
GEU 199,PUJ,Hino Motors,Hino 300,2015,53815.62,Good,37,13:00-19:00,PUB-0033,NCR-A343
QIN 401,PUJ,Global Electric Transport,COMET,2007,30124.72,Good,27,05:00-15:00,PUB-0057,NCR-A344
NUT 145,PUJ,Almazora Motors,Canter,2014,32229.61,Good,38,06:30-12:30,PUB-0053,NCR-A345
AEJ 277,PUJ,Hino Motors,Hino 300,2010,36092.01,Good,37,08:30-14:30,PUB-0028,NCR-A346
GSP 993,PUJ,Del Monte Motor Works,HD48GT,2011,56596.9,Good,37,08:00-18:00,PUB-0029,NCR-A347
WHZ 460,PUJ,Hino Motors,Hino 300,2013,53864.26,Good,31,16:00-03:30,PUB-0044,NCR-A348
IOX 138,PUJ,Hino Motors,Hino 300,2014,37158.61,Good,24,16:30-01:00,PUB-0037,NCR-A349
QGD 415,PUJ,Star 8 Green Technology,Solar,2005,57376.24,Bad,26,15:00-22:00,PUB-0057,NCR-A350
NTF 813,PUJ,Global Electric Transport,COMET,2008,51039.22,Good,17,11:30-23:00,PUB-0039,NCR-A351
VXL 022,PUJ,Hino Motors,Hino 300,2022,45518.84,Good,13,05:00-13:30,PUB-0056,NCR-A352
VHQ 881,PUJ,Star 8 Green Technology,Solar,2005,33381.43,Good,13,08:30-20:00,PUB-0023,NCR-A353
TGQ 908,PUJ,Hino Motors,Hino 300,2011,38060.8,Good,37,04:30-12:30,PUB-0067,NCR-A354
RAJ 545,PUJ,Del Monte Motor Works,HD48GT,2007,42200.55,Good,25,04:00-10:30,PUB-0056,NCR-A355
UMZ 123,PUJ,Hino Motors,Hino 300,2011,35027.5,Good,31,14:00-00:30,PUB-0052,NCR-A356
CRV 357,PUJ,Star 8 Green Technology,Solar,2013,58874.17,Good,20,04:30-12:00,PUB-0041,NCR-A357
SLQ 814,PUJ,Del Monte Motor Works,HD50S,2013,51984.19,Good,26,13:00-01:30,PUB-0026,NCR-A358
IZB 600,PUJ,Sta. Rosa Motor Works,Bagong Jeep,2011,30849.04,Good,27,05:00-17:30,PUB-0065,NCR-A359
BVN 062,PUJ,Del Monte Motor Works,HD50S,2007,59613.55,Good,18,15:30-22:00,PUB-0074,NCR-A360
YWP 849,PUJ,Global Electric Transport,COMET,2021,46960.58,Good,15,12:00-19:00,PUB-0055,NCR-A361
WMY 547,PUJ,Global Electric Transport,COMET,2021,42524.79,Good,28,11:00-22:00,PUB-0087,NCR-A362
ZQA 194,PUJ,Almazora Motors,QKR77,2016,46570.44,Good,17,04:00-16:30,PUB-0082,NCR-A363
PCV 141,PUJ,Sta. Rosa Motor Works,Bagong Jeep,2004,43811.38,Good,25,05:00-16:00,PUB-0078,NCR-A364
WST 492,PUJ,Del Monte Motor Works,HD48GT,2013,59215.01,Good,32,08:00-20:30,PUB-0034,NCR-A365
GCF 615,PUJ,Star 8 Green Technology,Solar,2022,36447.99,Good,39,16:30-23:30,PUB-0051,NCR-A366
BWG 166,PUJ,Almazora Motors,Canter,2008,38302.56,Good,13,14:00-23:30,PUB-0065,NCR-A367
DTK 716,PUJ,Almazora Motors,QKR77,2013,38716.39,Good,18,15:30-22:00,PUB-0062,NCR-A368
EVQ 771,PUJ,Star 8 Green Technology,Solar,2020,32467.23,Good,31,09:30-21:30,PUB-0067,NCR-A369
HMB 312,PUJ,Sta. Rosa Motor Works,SR Jeep,2014,46943.66,Good,13,10:00-17:00,PUB-0067,NCR-A370
FUZ 478,PUJ,Del Monte Motor Works,HD48GT,2022,50663.75,Bad,17,13:30-22:00,PUB-0084,NCR-A371
VEM 398,PUJ,Del Monte Motor Works,HD48GT,2005,34596.49,Good,36,07:00-16:00,PUB-0036,NCR-A372
EIX 351,PUJ,Del Monte Motor Works,HD50S,2018,46488.57,Good,19,13:30-22:30,PUB-0044,NCR-A373
NBX 719,PUJ,Almazora Motors,QKR77,2013,38350.52,Good,27,08:00-14:00,PUB-0089,NCR-A374
QYJ 145,PUJ,Del Monte Motor Works,HD48GT,2019,57161.21,Good,17,07:30-14:00,PUB-0063,NCR-A375
DYG 905,PUJ,Sta. Rosa Motor Works,Bagong Jeep,2020,56845.35,Good,30,04:30-15:00,PUB-0050,NCR-A376
QUA 096,PUJ,Hino Motors,Hino 300,2022,57748.64,Good,18,13:00-20:00,PUB-0068,NCR-A377
ISC 296,PUJ,Sta. Rosa Motor Works,Bagong Jeep,2003,51738.54,Good,30,16:30-23:30,PUB-0068,NCR-A378
XGF 143,PUJ,Almazora Motors,Canter,2017,56298.09,Good,12,09:00-20:30,PUB-0034,NCR-A379
JJZ 734,PUJ,Del Monte Motor Works,HD48GT,2022,53929.51,Good,38,09:30-21:30,PUB-0029,NCR-A380
CZG 078,PUJ,Hino Motors,Hino 300,2009,55975.23,Good,28,08:00-17:30,PUB-0051,NCR-A381
IPN 697,PUJ,Almazora Motors,QKR77,2015,54379.81,Good,26,12:30-20:30,PUB-0067,NCR-A382
YJB 856,PUJ,Hino Motors,Hino 300,2014,39420.28,Good,40,04:00-14:00,PUB-0069,NCR-A383
WVY 432,PUJ,Almazora Motors,QKR77,2017,34399.56,Good,37,12:00-19:30,PUB-0059,NCR-A384
GND 920,PUJ,Star 8 Green Technology,Solar,2008,47879.01,Good,23,05:30-12:00,PUB-0042,NCR-A385
AIY 899,PUJ,Star 8 Green Technology,Solar,2016,43170.74,Good,27,04:00-13:00,PUB-0033,NCR-A386
DTV 542,PUJ,Almazora Motors,Canter,2018,46722.54,Good,39,15:30-00:30,PUB-0028,NCR-A387
OBI 591,PUJ,Sta. Rosa Motor Works,SR Jeep,2013,49252.42,Good,13,07:00-13:00,PUB-0025,NCR-A388
SVW 281,PUJ,Sta. Rosa Motor Works,Bagong Jeep,2013,45399.51,Good,16,08:00-20:00,PUB-0032,NCR-A389
SWR 228,PUJ,Star 8 Green Technology,Solar,2018,48078.63,Good,26,08:30-20:00,PUB-0027,NCR-A390
IYP 377,PUJ,Global Electric Transport,COMET,2020,31213.34,Good,13,15:00-21:00,PUB-0061,NCR-A391
HIV 386,PUJ,Del Monte Motor Works,HD50S,2007,37385.31,Good,28,12:30-00:30,PUB-0065,NCR-A392
WSE 681,PUJ,Global Electric Transport,COMET,2022,54240.62,Good,12,06:00-13:00,PUB-0088,NCR-A393
JHM 084,PUJ,Global Electric Transport,COMET,2013,47512.96,Good,34,07:30-19:00,PUB-0068,NCR-A394
YLA 368,PUJ,Hino Motors,Hino 300,2008,39280.42,Good,19,12:00-18:00,PUB-0076,NCR-A395
SKG 485,PUJ,Sta. Rosa Motor Works,Bagong Jeep,2022,41103.3,Good,21,06:00-15:30,PUB-0073,NCR-A396
CEO 432,PUJ,Almazora Motors,QKR77,2003,51329.64,Good,21,10:00-19:30,PUB-0053,NCR-A397
EPO 161,PUJ,Global Electric Transport,COMET,2010,45897.12,Good,25,04:30-12:00,PUB-0026,NCR-A398
PZY 612,PUJ,Sta. Rosa Motor Works,Bagong Jeep,2022,49820.26,Bad,21,11:30-21:30,PUB-0070,NCR-A399
SWS 397,PUJ,Sta. Rosa Motor Works,SR Jeep,2020,30858.33,Good,13,14:30-23:30,PUB-0052,NCR-A400
WNA 432,PUJ,Del Monte Motor Works,HD48GT,2007,54939.78,Good,32,13:00-20:30,PUB-0037,NCR-A401
ENM 494,PUJ,Sta. Rosa Motor Works,Bagong Jeep,2013,42176.88,Good,14,12:30-19:00,PUB-0077,NCR-A402
PQL 925,PUJ,Del Monte Motor Works,HD50S,2008,59029.27,Good,22,05:00-14:00,PUB-0026,NCR-A403
YNZ 415,PUJ,Almazora Motors,Canter,2015,35395.04,Good,31,14:30-21:30,PUB-0059,NCR-A404
GBO 874,PUJ,Almazora Motors,QKR77,2014,51082.99,Good,21,09:00-15:30,PUB-0047,NCR-A405
UWD 285,PUJ,Del Monte Motor Works,HD50S,2018,41617.21,Good,24,06:00-16:30,PUB-0061,NCR-A406
NZG 432,PUJ,Global Electric Transport,COMET,2006,35739.65,Good,32,05:30-17:30,PUB-0040,NCR-A407
ODN 636,PUJ,Almazora Motors,Canter,2020,49528.8,Good,19,12:00-21:30,PUB-0037,NCR-A408
SYF 802,PUJ,Del Monte Motor Works,HD48GT,2011,39992.58,Good,30,15:30-03:30,PUB-0077,NCR-A409
BER 272,PUJ,Star 8 Green Technology,Solar,2010,53566.55,Good,18,07:30-13:00,PUB-0067,NCR-A410
KIK 248,PUJ,Hino Motors,Hino 300,2022,51715.3,Good,27,09:30-19:30,PUB-0035,NCR-A411
XJB 260,PUJ,Del Monte Motor Works,HD48GT,2012,53464.94,Good,38,06:00-14:30,PUB-0073,NCR-A412
UMH 144,PUJ,Del Monte Motor Works,HD50S,2017,41020.76,Good,28,15:30-03:00,PUB-0043,NCR-A413
QRG 628,PUJ,Almazora Motors,Canter,2019,37612.13,Good,18,05:00-15:30,PUB-0029,NCR-A414
TMA 387,PUJ,Star 8 Green Technology,Solar,2012,55569.26,Good,25,14:30-02:30,PUB-0047,NCR-A415
LRV 395,PUJ,Hino Motors,Hino 300,2006,47640.74,Good,23,04:30-11:30,PUB-0065,NCR-A416
CBD 300,PUJ,Global Electric Transport,COMET,2012,38085.53,Good,40,14:30-22:30,PUB-0027,NCR-A417
QBF 179,PUJ,Almazora Motors,Canter,2016,54597.23,Good,40,09:00-15:00,PUB-0050,NCR-A418
AUO 313,PUJ,Sta. Rosa Motor Works,Bagong Jeep,2010,42297.12,Good,29,08:30-19:00,PUB-0084,NCR-A419
JMO 770,PUJ,Global Electric Transport,COMET,2009,45740.51,Good,16,04:00-14:30,PUB-0058,NCR-A420
YFJ 665,PUJ,Del Monte Motor Works,HD48GT,2018,32197.89,Good,33,06:30-14:30,PUB-0086,NCR-A421
BGW 066,PUJ,Hino Motors,Hino 300,2021,31231.67,Good,40,14:30-23:30,PUB-0025,NCR-A422
JGN 762,PUJ,Del Monte Motor Works,HD50S,2019,55594.96,Bad,23,04:00-14:30,PUB-0065,NCR-A423
VPE 758,PUJ,Del Monte Motor Works,HD48GT,2007,48037.53,Good,25,08:30-19:30,PUB-0076,NCR-A424
IJC 835,PUJ,Hino Motors,Hino 300,2015,33853.73,Good,28,14:30-21:00,PUB-0023,NCR-A425
USM 215,PUJ,Star 8 Green Technology,Solar,2017,35983.55,Good,38,08:00-17:30,PUB-0084,NCR-A426
ZPC 377,PUJ,Global Electric Transport,COMET,2011,44660.26,Good,35,12:30-00:00,PUB-0023,NCR-A427
JDE 997,PUJ,Del Monte Motor Works,HD50S,2003,33481.91,Good,26,15:00-02:30,PUB-0073,NCR-A428
IGK 372,PUJ,Almazora Motors,QKR77,2015,41907.37,Good,18,05:00-15:30,PUB-0079,NCR-A429
WWU 263,PUJ,Sta. Rosa Motor Works,Bagong Jeep,2018,59837.62,Good,24,14:30-20:00,PUB-0055,NCR-A430
KKN 495,PUJ,Star 8 Green Technology,Solar,2007,51610.73,Good,36,07:30-19:30,PUB-0064,NCR-A431
JHR 441,PUJ,Sta. Rosa Motor Works,SR Jeep,2007,47835.52,Good,34,05:00-11:00,PUB-0044,NCR-A432
JTV 336,PUJ,Sta. Rosa Motor Works,Bagong Jeep,2012,41240.18,Good,20,05:30-12:30,PUB-0088,NCR-A433
JAT 296,PUJ,Sta. Rosa Motor Works,SR Jeep,2013,42724.25,Good,26,07:30-13:30,PUB-0053,NCR-A434
YOW 596,PUJ,Almazora Motors,QKR77,2018,36294.97,Good,12,14:00-20:00,PUB-0061,NCR-A435
JKM 168,PUJ,Del Monte Motor Works,HD50S,2014,58081.92,Bad,34,14:30-23:30,PUB-0080,NCR-A436
QZG 442,PUJ,Hino Motors,Hino 300,2007,47479.95,Good,16,04:00-11:00,PUB-0086,NCR-A437
ZXK 275,PUJ,Del Monte Motor Works,HD50S,2020,44245.63,Good,19,04:00-10:00,PUB-0050,NCR-A438
DVC 525,PUJ,Global Electric Transport,COMET,2004,50906.93,Good,36,13:30-20:30,PUB-0087,NCR-A439
CFN 790,PUJ,Almazora Motors,QKR77,2011,37989.15,Good,14,06:00-16:00,PUB-0052,NCR-A440
HBJ 277,PUJ,Almazora Motors,QKR77,2008,32048.9,Good,40,07:00-17:30,PUB-0072,NCR-A441
COC 496,PUJ,Hino Motors,Hino 300,2019,56959.79,Good,16,05:00-14:00,PUB-0034,NCR-A442
UQH 788,PUJ,Del Monte Motor Works,HD50S,2007,33161.47,Good,20,13:30-19:00,PUB-0070,NCR-A443
VGS 813,PUJ,Sta. Rosa Motor Works,SR Jeep,2018,46068.9,Good,34,09:30-16:30,PUB-0074,NCR-A444
OLX 464,PUJ,Almazora Motors,QKR77,2022,36832.87,Good,24,10:00-19:00,PUB-0058,NCR-A445
RKT 991,PUJ,Sta. Rosa Motor Works,Bagong Jeep,2014,57100.36,Good,34,05:30-14:00,PUB-0068,NCR-A446
GMR 133,PUJ,Sta. Rosa Motor Works,SR Jeep,2007,32225.97,Good,18,12:00-20:30,PUB-0033,NCR-A447
YLD 422,PUJ,Global Electric Transport,COMET,2008,56871.94,Good,12,11:00-17:00,PUB-0070,NCR-A448
NOO 458,PUJ,Hino Motors,Hino 300,2003,47578.93,Good,18,11:30-21:00,PUB-0029,NCR-A449
ILV 160,PUJ,Del Monte Motor Works,HD48GT,2011,36526.44,Good,16,06:30-15:00,PUB-0044,NCR-A450
AEY 137,PUJ,Del Monte Motor Works,HD48GT,2017,41517.02,Good,17,11:00-18:30,PUB-0075,NCR-A451
PDO 627,PUJ,Almazora Motors,Canter,2022,35038.97,Good,15,13:00-19:30,PUB-0025,NCR-A452
YCK 876,PUJ,Sta. Rosa Motor Works,SR Jeep,2018,46446.57,Good,21,16:30-03:30,PUB-0087,NCR-A453
KZU 885,PUJ,Almazora Motors,Canter,2004,36319.93,Good,18,10:30-16:30,PUB-0057,NCR-A454
JLC 166,PUJ,Del Monte Motor Works,HD50S,2020,49276.26,Good,13,09:00-16:00,PUB-0054,NCR-A455
ELR 281,PUJ,Sta. Rosa Motor Works,Bagong Jeep,2019,49138.36,Good,14,04:00-16:30,PUB-0080,NCR-A456
FAW 854,PUJ,Global Electric Transport,COMET,2016,55847.41,Good,31,09:30-20:30,PUB-0039,NCR-A457
KDL 954,PUJ,Almazora Motors,QKR77,2022,45499.21,Good,21,10:30-18:30,PUB-0080,NCR-A458
RVO 732,PUJ,Sta. Rosa Motor Works,Bagong Jeep,2013,46231.56,Good,31,06:00-15:00,PUB-0025,NCR-A459
OBP 991,PUJ,Global Electric Transport,COMET,2015,47645.33,Good,16,12:00-18:00,PUB-0061,NCR-A460
FVM 913,PUJ,Sta. Rosa Motor Works,SR Jeep,2009,53718.14,Good,29,07:30-15:30,PUB-0078,NCR-A461
SAL 549,PUJ,Star 8 Green Technology,Solar,2006,49936.27,Good,18,10:30-22:30,PUB-0034,NCR-A462
VSY 271,PUJ,Star 8 Green Technology,Solar,2007,41616.38,Good,36,05:00-13:00,PUB-0057,NCR-A463
XFA 683,PUJ,Del Monte Motor Works,HD50S,2011,43759.21,Good,29,12:30-21:00,PUB-0024,NCR-A464
XZQ 126,PUJ,Del Monte Motor Works,HD48GT,2022,50100.53,Good,19,11:00-17:30,PUB-0048,NCR-A465
RDR 376,PUJ,Sta. Rosa Motor Works,Bagong Jeep,2019,46593.58,Good,34,04:00-11:00,PUB-0084,NCR-A466
KPQ 418,PUJ,Del Monte Motor Works,HD50S,2016,48513.58,Good,20,06:30-17:00,PUB-0056,NCR-A467
KPA 004,PUJ,Almazora Motors,Canter,2005,44283.68,Good,13,16:30-01:30,PUB-0030,NCR-A468
MJU 983,PUJ,Sta. Rosa Motor Works,Bagong Jeep,2018,52826.62,Good,14,10:30-22:00,PUB-0082,NCR-A469
YGP 773,PUJ,Global Electric Transport,COMET,2013,37626.93,Good,24,14:00-21:30,PUB-0059,NCR-A470
WHU 050,PUJ,Del Monte Motor Works,HD50S,2013,46352.54,Good,33,05:30-12:30,PUB-0075,NCR-A471
HOF 337,PUJ,Almazora Motors,Canter,2020,47529.7,Good,33,12:00-22:30,PUB-0026,NCR-A472
XDM 949,PUJ,Almazora Motors,Canter,2014,45525.17,Good,32,16:00-00:30,PUB-0036,NCR-A473
MWL 903,PUJ,Del Monte Motor Works,HD48GT,2016,32407.16,Good,26,13:00-00:30,PUB-0057,NCR-A474
WHY 715,PUJ,Almazora Motors,QKR77,2014,39481.6,Good,12,07:30-16:00,PUB-0048,NCR-A475
TFU 899,PUJ,Del Monte Motor Works,HD50S,2010,45825.92,Good,19,09:00-17:30,PUB-0080,NCR-A476
IKC 670,PUJ,Almazora Motors,QKR77,2004,47497.98,Good,40,10:00-18:30,PUB-0079,NCR-A477
ZJP 091,PUJ,Del Monte Motor Works,HD50S,2006,34598.84,Good,25,10:00-18:00,PUB-0088,NCR-A478
YBE 643,PUJ,Hino Motors,Hino 300,2019,40640.16,Good,15,04:00-16:00,PUB-0029,NCR-A479
NNT 284,PUJ,Del Monte Motor Works,HD48GT,2018,45999.84,Good,39,05:00-16:30,PUB-0039,NCR-A480
BKY 403,PUJ,Star 8 Green Technology,Solar,2004,46516.44,Good,24,04:30-12:30,PUB-0086,NCR-A481
YYM 516,PUJ,Global Electric Transport,COMET,2021,55820.34,Good,27,15:30-21:00,PUB-0031,NCR-A482
FZE 563,PUJ,Sta. Rosa Motor Works,Bagong Jeep,2013,31277,Good,26,14:30-00:00,PUB-0046,NCR-A483
PJP 073,PUJ,Almazora Motors,QKR77,2005,31023.61,Good,14,12:30-23:30,PUB-0078,NCR-A484
KMO 641,PUJ,Del Monte Motor Works,HD48GT,2007,45085.14,Good,30,12:30-20:00,PUB-0078,NCR-A485
TIG 581,PUJ,Star 8 Green Technology,Solar,2021,39253.06,Good,24,16:00-04:30,PUB-0031,NCR-A486
JCF 399,PUJ,Almazora Motors,Canter,2006,33542.49,Good,35,10:00-18:00,PUB-0074,NCR-A487
DSJ 766,PUJ,Del Monte Motor Works,HD48GT,2020,50211.19,Good,13,12:00-23:00,PUB-0062,NCR-A488
OWA 224,PUJ,Global Electric Transport,COMET,2003,59787.26,Good,28,10:30-20:00,PUB-0066,NCR-A489
JKF 512,PUJ,Star 8 Green Technology,Solar,2009,42655.04,Good,28,14:30-23:30,PUB-0082,NCR-A490
EGC 438,PUJ,Almazora Motors,Canter,2021,51505.97,Good,32,04:30-15:00,PUB-0076,NCR-A491
LFW 053,PUJ,Del Monte Motor Works,HD50S,2016,52034.35,Good,35,11:00-22:30,PUB-0083,NCR-A492
CKE 024,PUJ,Global Electric Transport,COMET,2015,57074.68,Good,13,15:30-01:30,PUB-0040,NCR-A493
FCJ 393,PUJ,Sta. Rosa Motor Works,SR Jeep,2003,35297.1,Good,29,05:30-14:00,PUB-0039,NCR-A494
WWP 981,PUJ,Hino Motors,Hino 300,2005,39883.09,Good,37,14:30-20:00,PUB-0068,NCR-A495
VUD 379,PUJ,Sta. Rosa Motor Works,Bagong Jeep,2004,34620.12,Good,33,06:30-12:00,PUB-0052,NCR-A496
LTF 531,PUJ,Sta. Rosa Motor Works,Bagong Jeep,2004,47757.24,Bad,30,07:00-18:00,PUB-0033,NCR-A497
MWY 311,PUJ,Del Monte Motor Works,HD48GT,2004,46067.36,Good,40,08:30-15:00,PUB-0071,NCR-A498
XEO 393,PUJ,Del Monte Motor Works,HD48GT,2014,52914.63,Good,34,13:30-22:00,PUB-0074,NCR-A499
NJL 714,PUJ,Sta. Rosa Motor Works,Bagong Jeep,2012,46775.04,Good,17,13:30-19:00,PUB-0071,NCR-A500
QGJ 220,PUJ,Del Monte Motor Works,HD50S,2010,43097.13,Good,35,08:00-14:30,PUB-0079,NCR-A501
UPS 520,PUJ,Del Monte Motor Works,HD50S,2020,59248.56,Good,30,15:00-02:00,PUB-0048,NCR-A502
HBB 586,PUJ,Almazora Motors,QKR77,2004,39457.53,Good,39,11:00-23:00,PUB-0067,NCR-A503
DPJ 471,PUJ,Del Monte Motor Works,HD48GT,2012,35006.32,Good,14,09:30-18:00,PUB-0074,NCR-A504
ZOJ 588,PUJ,Del Monte Motor Works,HD50S,2009,49492.18,Good,31,06:00-14:00,PUB-0085,NCR-A505
DCH 325,PUJ,Del Monte Motor Works,HD48GT,2019,39283.97,Good,25,05:30-15:30,PUB-0042,NCR-A506
SUO 527,PUJ,Almazora Motors,QKR77,2017,38847.6,Good,24,04:00-13:30,PUB-0059,NCR-A507
CFH 769,PUJ,Global Electric Transport,COMET,2017,51409.61,Good,13,10:00-16:30,PUB-0078,NCR-A508
GEI 900,PUJ,Almazora Motors,QKR77,2018,55226.43,Bad,32,10:00-16:30,PUB-0069,NCR-A509
AVI 472,PUJ,Almazora Motors,QKR77,2003,57492.17,Good,36,08:30-15:30,PUB-0074,NCR-A510
JYE 633,PUJ,Del Monte Motor Works,HD50S,2007,34292.14,Good,14,07:30-18:30,PUB-0025,NCR-A511
TPH 784,PUJ,Del Monte Motor Works,HD48GT,2016,43263.7,Good,19,16:30-23:30,PUB-0027,NCR-A512
LSZ 227,PUJ,Almazora Motors,Canter,2004,46174.53,Good,19,10:00-17:00,PUB-0030,NCR-A513
UQI 032,PUJ,Almazora Motors,Canter,2014,59975.25,Good,25,07:00-19:30,PUB-0068,NCR-A514
FID 340,PUJ,Del Monte Motor Works,HD48GT,2016,33750.22,Good,13,06:30-14:30,PUB-0076,NCR-A515
JJP 950,PUJ,Global Electric Transport,COMET,2019,47776.09,Good,34,09:00-21:00,PUB-0088,NCR-A516
GCZ 784,PUJ,Sta. Rosa Motor Works,SR Jeep,2009,54793.5,Good,32,09:30-20:00,PUB-0071,NCR-A517
DQL 289,PUJ,Almazora Motors,QKR77,2022,59051.21,Good,40,16:00-23:30,PUB-0075,NCR-A518
AVR 622,PUJ,Sta. Rosa Motor Works,Bagong Jeep,2005,59652.9,Good,12,15:00-03:30,PUB-0062,NCR-A519
WOM 015,PUJ,Del Monte Motor Works,HD48GT,2007,34715.91,Good,38,16:00-02:00,PUB-0066,NCR-A520
KYO 513,PUJ,Global Electric Transport,COMET,2003,51334.26,Good,28,13:00-21:30,PUB-0055,NCR-A521
DGL 936,PUJ,Sta. Rosa Motor Works,SR Jeep,2006,41134.02,Good,12,16:30-03:30,PUB-0072,NCR-A522
WMC 773,PUJ,Global Electric Transport,COMET,2007,52580.9,Bad,33,13:30-21:30,PUB-0076,NCR-A523
TWO 524,PUJ,Sta. Rosa Motor Works,SR Jeep,2014,54344.87,Good,25,05:30-13:30,PUB-0074,NCR-A524
MXP 018,PUJ,Sta. Rosa Motor Works,Bagong Jeep,2004,46066.86,Good,21,11:00-18:30,PUB-0042,NCR-A525
IYL 576,PUJ,Sta. Rosa Motor Works,Bagong Jeep,2010,39184.28,Bad,32,05:00-15:30,PUB-0070,NCR-A526
ONW 641,PUJ,Global Electric Transport,COMET,2018,43476.53,Good,32,08:00-14:00,PUB-0085,NCR-A527
BJF 651,PUJ,Global Electric Transport,COMET,2021,49546.92,Good,17,06:00-18:00,PUB-0074,NCR-B01
DFJ 140,PUJ,Hino Motors,Hino 300,2016,48252.66,Good,38,07:00-13:00,PUB-0078,NCR-B02
IOT 987,PUJ,Star 8 Green Technology,Solar,2004,41802.11,Good,13,04:30-13:00,PUB-0029,NCR-B03
FPV 158,PUJ,Del Monte Motor Works,HD50S,2015,42700.87,Bad,25,10:00-20:30,PUB-0062,NCR-B04
LDJ 526,PUJ,Del Monte Motor Works,HD50S,2022,35729.47,Good,15,08:00-16:30,PUB-0030,NCR-B05
QIV 292,PUJ,Star 8 Green Technology,Solar,2020,41754.34,Good,12,06:00-18:30,PUB-0027,NCR-B06
VKO 223,PUJ,Global Electric Transport,COMET,2004,32778.12,Good,30,07:30-15:30,PUB-0071,NCR-B07
RCQ 987,PUJ,Sta. Rosa Motor Works,Bagong Jeep,2014,54058.56,Good,20,06:30-15:30,PUB-0061,NCR-B08
MIO 967,PUJ,Global Electric Transport,COMET,2013,52855.63,Bad,37,05:30-13:30,PUB-0027,NCR-B09
ZUX 897,PUJ,Del Monte Motor Works,HD48GT,2009,55661.46,Good,40,13:30-01:00,PUB-0059,NCR-B10
LHU 242,PUJ,Del Monte Motor Works,HD48GT,2014,47514.23,Good,31,08:30-18:30,PUB-0076,NCR-B11
CKQ 174,PUJ,Del Monte Motor Works,HD50S,2022,32524.76,Good,37,07:30-17:30,PUB-0066,NCR-B12
WZF 558,PUJ,Sta. Rosa Motor Works,SR Jeep,2006,43430.62,Good,40,05:30-16:00,PUB-0039,NCR-B13
QSY 760,PUJ,Almazora Motors,QKR77,2010,39432.95,Good,25,06:30-15:00,PUB-0045,NCR-B14
ZUA 998,PUJ,Almazora Motors,Canter,2003,32698.31,Good,18,14:30-22:30,PUB-0043,NCR-B15
KVI 007,PUJ,Sta. Rosa Motor Works,Bagong Jeep,2010,57703.63,Bad,33,08:30-17:30,PUB-0066,NCR-B16
ITJ 757,PUJ,Star 8 Green Technology,Solar,2010,38331.9,Good,36,16:00-01:30,PUB-0044,NCR-B17
HHZ 910,PUJ,Hino Motors,Hino 300,2017,30487.46,Good,13,16:30-02:00,PUB-0031,NCR-B18
JPA 058,PUJ,Sta. Rosa Motor Works,Bagong Jeep,2020,39309.8,Good,37,16:00-01:30,PUB-0078,NCR-B19
HDV 860,PUJ,Del Monte Motor Works,HD50S,2016,55987.1,Good,39,05:30-11:30,PUB-0048,NCR-B20
IED 572,PUJ,Del Monte Motor Works,HD48GT,2022,55039.11,Good,39,11:00-19:00,PUB-0039,NCR-B21
ETN 667,PUJ,Sta. Rosa Motor Works,Bagong Jeep,2007,59755.55,Good,33,12:30-18:00,PUB-0045,NCR-B22
PZG 571,PUJ,Almazora Motors,Canter,2005,34833.89,Good,23,05:00-16:00,PUB-0050,NCR-B23
WEF 320,PUJ,Sta. Rosa Motor Works,Bagong Jeep,2009,59128.75,Good,34,14:00-20:00,PUB-0069,NCR-B24
PCQ 076,PUJ,Almazora Motors,QKR77,2015,43212.67,Good,19,13:30-01:00,PUB-0032,NCR-B25
HDA 341,PUJ,Global Electric Transport,COMET,2006,35899.27,Good,40,04:00-10:30,PUB-0064,NCR-B26
RZG 530,PUJ,Del Monte Motor Works,HD48GT,2022,40586.79,Good,36,12:00-19:00,PUB-0049,NCR-B27
GOP 580,PUJ,Sta. Rosa Motor Works,Bagong Jeep,2006,31221.53,Good,13,08:30-19:30,PUB-0027,NCR-B28
YEP 208,PUJ,Del Monte Motor Works,HD50S,2010,45013.9,Good,39,11:00-23:30,PUB-0049,NCR-B29
TOD 177,PUJ,Almazora Motors,Canter,2014,31786.7,Bad,40,06:30-13:30,PUB-0083,NCR-B30
OYB 768,PUJ,Sta. Rosa Motor Works,Bagong Jeep,2013,43811.48,Good,19,04:30-12:00,PUB-0035,NCR-B31
TTA 222,PUJ,Almazora Motors,QKR77,2019,47047.97,Bad,38,11:00-19:30,PUB-0039,NCR-B32
XJK 044,PUJ,Hino Motors,Hino 300,2014,44011.62,Good,24,05:30-17:30,PUB-0056,NCR-B33
XRS 704,PUJ,Global Electric Transport,COMET,2022,46953.45,Good,26,10:00-22:30,PUB-0030,NCR-B34
STY 465,PUJ,Del Monte Motor Works,HD48GT,2017,30326.19,Good,24,12:30-23:30,PUB-0062,NCR-B35
YRN 713,PUJ,Almazora Motors,Canter,2018,59651.28,Good,34,15:00-21:30,PUB-0033,NCR-B36
RAF 685,PUJ,Star 8 Green Technology,Solar,2010,31614.01,Good,28,09:00-16:00,PUB-0082,NCR-B37
EKN 182,PUJ,Hino Motors,Hino 300,2021,39152.89,Good,28,14:00-22:30,PUB-0050,NCR-B38
HBT 324,PUJ,Almazora Motors,Canter,2013,38846.49,Good,32,08:30-16:00,PUB-0066,NCR-B39
ODL 603,PUJ,Star 8 Green Technology,Solar,2006,48096.41,Good,35,15:00-02:30,PUB-0043,NCR-B40
PUD 391,PUJ,Sta. Rosa Motor Works,Bagong Jeep,2003,43877.74,Good,31,14:30-01:00,PUB-0048,NCR-B41
FIN 885,PUJ,Sta. Rosa Motor Works,SR Jeep,2008,46778.61,Good,27,08:00-17:00,PUB-0076,NCR-B42
VBJ 818,PUJ,Del Monte Motor Works,HD50S,2008,44589.22,Bad,14,10:30-19:00,PUB-0038,NCR-B43
ZKW 353,PUJ,Sta. Rosa Motor Works,SR Jeep,2011,44754.07,Good,20,07:00-16:30,PUB-0040,NCR-B44
ZGV 082,PUJ,Star 8 Green Technology,Solar,2015,32216.05,Good,31,10:00-20:30,PUB-0079,NCR-B45
SMP 431,PUJ,Star 8 Green Technology,Solar,2010,45674.79,Good,22,14:00-20:30,PUB-0055,NCR-B46
JZD 681,PUJ,Del Monte Motor Works,HD50S,2011,47962.32,Good,17,04:30-15:00,PUB-0070,NCR-B47
PHE 583,PUJ,Del Monte Motor Works,HD48GT,2014,59172.08,Good,18,07:00-17:00,PUB-0070,NCR-B48
BQV 058,PUJ,Del Monte Motor Works,HD50S,2004,39229.46,Good,36,15:30-00:00,PUB-0026,NCR-B49
HAQ 712,PUJ,Star 8 Green Technology,Solar,2006,55878.02,Good,38,06:30-14:30,PUB-0055,NCR-B50
PRB 102,PUJ,Sta. Rosa Motor Works,Bagong Jeep,2016,47184.07,Good,34,14:30-22:30,PUB-0062,NCR-B51
JJP 922,PUJ,Almazora Motors,QKR77,2014,49935.38,Good,21,08:00-17:00,PUB-0054,NCR-B52
ZBI 127,PUJ,Global Electric Transport,COMET,2005,52205.93,Good,21,15:30-02:00,PUB-0054,NCR-B53
AFI 027,PUJ,Almazora Motors,Canter,2019,33233.5,Good,31,13:30-00:30,PUB-0035,NCR-B54
ARD 102,PUJ,Hino Motors,Hino 300,2018,31515.19,Good,31,15:30-23:30,PUB-0056,NCR-B55
KHX 071,PUJ,Almazora Motors,QKR77,2022,34234.14,Bad,31,16:30-22:00,PUB-0082,NCR-B56
VAC 323,PUJ,Almazora Motors,Canter,2017,46185.82,Good,20,16:30-02:00,PUB-0059,NCR-B57
QPO 000,PUJ,Del Monte Motor Works,HD50S,2021,50028.57,Good,14,06:00-12:30,PUB-0027,NCR-B58
ZZO 948,PUJ,Almazora Motors,Canter,2021,50054.53,Good,39,15:30-01:30,PUB-0050,NCR-B59
GMK 249,PUJ,Star 8 Green Technology,Solar,2021,58754.47,Good,34,09:30-17:30,PUB-0049,NCR-B60
JLO 543,PUJ,Del Monte Motor Works,HD48GT,2017,39823.39,Good,22,08:30-15:30,PUB-0048,NCR-B61
LNJ 831,PUJ,Hino Motors,Hino 300,2012,47193.08,Good,25,09:00-20:00,PUB-0072,NCR-B62
VHR 315,PUJ,Almazora Motors,QKR77,2014,30551.76,Good,17,14:30-21:00,PUB-0037,NCR-B63
ASN 178,PUJ,Sta. Rosa Motor Works,SR Jeep,2007,41020.57,Good,25,07:00-14:30,PUB-0040,NCR-B64
QEG 786,PUJ,Del Monte Motor Works,HD48GT,2013,32353.07,Good,14,06:30-18:30,PUB-0064,NCR-B65
TWP 704,PUJ,Global Electric Transport,COMET,2008,49727.38,Good,33,12:00-20:00,PUB-0033,NCR-B66
JEM 758,PUJ,Almazora Motors,Canter,2022,53470.36,Good,38,06:30-18:30,PUB-0037,NCR-B67
EQK 615,PUJ,Global Electric Transport,COMET,2007,50349.71,Good,33,11:00-22:00,PUB-0038,NCR-B68
ZWL 093,PUJ,Global Electric Transport,COMET,2005,34261.33,Good,30,10:30-22:00,PUB-0050,NCR-B69
ACY 605,PUJ,Del Monte Motor Works,HD48GT,2012,52753.06,Good,12,04:00-16:00,PUB-0038,NCR-B70
OFB 497,PUJ,Almazora Motors,QKR77,2013,52516.17,Good,14,09:30-16:00,PUB-0030,NCR-B71
AFV 769,PUJ,Del Monte Motor Works,HD48GT,2004,54718.8,Good,30,06:30-18:00,PUB-0067,NCR-B72
KCJ 463,PUJ,Sta. Rosa Motor Works,SR Jeep,2010,40140.15,Good,40,13:00-01:00,PUB-0032,NCR-B73
XKF 024,PUJ,Hino Motors,Hino 300,2005,50271.13,Good,35,11:30-21:00,PUB-0049,NCR-B74
TEU 421,PUJ,Star 8 Green Technology,Solar,2013,57546.02,Good,17,12:30-21:30,PUB-0088,NCR-B75
IHF 181,PUJ,Hino Motors,Hino 300,2019,48008.57,Good,14,05:30-17:30,PUB-0031,NCR-B76
VRS 950,PUJ,Hino Motors,Hino 300,2009,54222.71,Good,24,14:00-21:30,PUB-0035,NCR-B77
CFD 734,PUJ,Del Monte Motor Works,HD50S,2012,46721.48,Good,15,04:00-12:00,PUB-0063,NCR-B78
JYU 843,PUJ,Global Electric Transport,COMET,2007,49467.04,Good,20,15:30-01:00,PUB-0072,NCR-B79
JGO 125,PUJ,Sta. Rosa Motor Works,SR Jeep,2005,35425.08,Good,34,04:00-16:00,PUB-0048,NCR-B80
TBH 967,PUJ,Almazora Motors,QKR77,2014,30697.36,Good,22,11:30-22:00,PUB-0045,NCR-B81
TKR 913,PUJ,Global Electric Transport,COMET,2009,38412.28,Good,13,10:30-21:30,PUB-0046,NCR-B82
GNL 158,PUJ,Almazora Motors,QKR77,2022,59178.1,Good,39,16:30-04:30,PUB-0062,NCR-B83
KEY 218,PUJ,Almazora Motors,Canter,2011,49024.94,Good,21,14:00-22:00,PUB-0035,NCR-B84
XEM 055,PUJ,Almazora Motors,QKR77,2005,45166.06,Good,38,05:30-12:30,PUB-0046,NCR-B85
JPO 471,PUJ,Sta. Rosa Motor Works,SR Jeep,2003,46327.81,Good,39,06:30-16:30,PUB-0031,NCR-B86
AUG 366,PUJ,Star 8 Green Technology,Solar,2018,56829.38,Good,35,10:30-22:30,PUB-0082,NCR-B87
LJJ 559,PUJ,Global Electric Transport,COMET,2009,54829.66,Good,27,04:00-10:30,PUB-0033,NCR-B88
VHE 964,PUJ,Almazora Motors,Canter,2003,32189.57,Good,20,16:00-03:30,PUB-0072,NCR-B89
LWS 851,PUJ,Hino Motors,Hino 300,2019,57663.15,Good,12,07:30-13:00,PUB-0037,NCR-B90
KUR 384,PUJ,Hino Motors,Hino 300,2022,40325.08,Good,25,09:30-16:00,PUB-0064,NCR-B91
IGN 001,PUJ,Almazora Motors,Canter,2022,31973.82,Good,35,07:00-13:00,PUB-0063,NCR-B92
OKN 367,PUJ,Sta. Rosa Motor Works,SR Jeep,2012,47461.33,Good,39,06:30-15:00,PUB-0058,NCR-B93
KDO 108,PUJ,Sta. Rosa Motor Works,SR Jeep,2020,48391.28,Bad,31,13:00-21:30,PUB-0058,NCR-B94
NTE 677,PUJ,Del Monte Motor Works,HD50S,2004,56452.17,Good,27,11:30-23:00,PUB-0072,NCR-B95
IHG 635,PUJ,Del Monte Motor Works,HD50S,2019,44525.37,Good,38,07:00-17:30,PUB-0042,NCR-B96
GEH 766,PUJ,Star 8 Green Technology,Solar,2021,44423.93,Good,18,13:00-19:30,PUB-0035,NCR-B97
CSO 242,PUJ,Del Monte Motor Works,HD50S,2014,45284.67,Good,19,16:00-00:30,PUB-0040,NCR-B98
DEQ 327,PUJ,Sta. Rosa Motor Works,SR Jeep,2016,56124,Good,29,04:00-15:30,PUB-0058,NCR-B99
NFW 701,PUJ,Star 8 Green Technology,Solar,2014,33557.52,Good,34,04:30-15:00,PUB-0058,NCR-B100
QRF 161,PUJ,Sta. Rosa Motor Works,Bagong Jeep,2010,52942.9,Good,21,08:30-18:30,PUB-0039,NCR-B101
EXK 765,PUJ,Del Monte Motor Works,HD48GT,2010,53016.21,Good,30,14:00-22:30,PUB-0048,NCR-B102
TSR 423,PUJ,Hino Motors,Hino 300,2011,41829.67,Good,16,08:30-14:00,PUB-0039,NCR-B103
BOS 682,PUJ,Almazora Motors,QKR77,2005,58379.51,Good,38,05:30-11:00,PUB-0082,NCR-B104
ONI 787,PUJ,Del Monte Motor Works,HD50S,2006,32840.63,Good,26,04:30-10:00,PUB-0063,NCR-B105
UJJ 968,PUJ,Almazora Motors,Canter,2004,34693.9,Good,12,13:30-20:30,PUB-0039,NCR-B106
USU 069,PUJ,Sta. Rosa Motor Works,SR Jeep,2007,44156.69,Good,15,16:30-23:30,PUB-0052,NCR-B107
DMR 618,PUJ,Almazora Motors,QKR77,2007,58165.84,Good,40,04:00-15:00,PUB-0083,NCR-B108
FZQ 109,PUJ,Star 8 Green Technology,Solar,2008,48526.78,Good,16,06:30-14:00,PUB-0072,NCR-B109
DRG 203,PUJ,Almazora Motors,QKR77,2012,36986.99,Good,13,05:30-12:00,PUB-0063,NCR-B110
WNG 383,PUJ,Global Electric Transport,COMET,2021,54880.9,Good,22,14:30-02:00,PUB-0033,NCR-B111
DNV 562,PUJ,Almazora Motors,Canter,2007,49102.65,Good,33,06:30-13:30,PUB-0049,NCR-B112
YHP 087,PUJ,Del Monte Motor Works,HD50S,2014,49060.4,Good,22,07:00-16:30,PUB-0039,NCR-B113
OQN 299,PUJ,Del Monte Motor Works,HD50S,2010,42822.29,Good,28,12:00-19:00,PUB-0032,NCR-B114
AHE 462,PUJ,Sta. Rosa Motor Works,Bagong Jeep,2022,55559.41,Good,28,05:00-14:30,PUB-0046,NCR-B115
LGH 483,PUJ,Almazora Motors,Canter,2018,37914.81,Good,26,04:00-13:00,PUB-0030,NCR-B116
BKJ 437,PUJ,Sta. Rosa Motor Works,SR Jeep,2013,31266.93,Good,20,04:30-10:00,PUB-0032,NCR-B117
FCL 229,PUJ,Almazora Motors,QKR77,2005,40287.7,Bad,29,05:00-16:00,PUB-0062,NCR-B118
FUT 791,PUJ,Hino Motors,Hino 300,2012,40975.26,Good,37,06:30-12:30,PUB-0048,NCR-B119
KRQ 861,PUJ,Del Monte Motor Works,HD48GT,2010,43286.13,Good,21,16:30-02:30,PUB-0088,NCR-B120
YSF 693,PUJ,Almazora Motors,QKR77,2015,55025.86,Good,30,13:00-19:30,PUB-0064,NCR-B121
XAW 027,PUJ,Sta. Rosa Motor Works,Bagong Jeep,2022,35965.44,Good,23,12:00-00:30,PUB-0026,NCR-B122
SNL 110,PUJ,Sta. Rosa Motor Works,SR Jeep,2017,52400.28,Good,26,10:00-17:30,PUB-0037,NCR-B123
HAG 899,PUJ,Sta. Rosa Motor Works,Bagong Jeep,2011,50159.57,Good,35,10:00-18:00,PUB-0063,NCR-B124
ORH 872,PUJ,Del Monte Motor Works,HD50S,2013,36292.43,Good,21,06:30-15:30,PUB-0064,NCR-B125
EBA 918,PUJ,Del Monte Motor Works,HD48GT,2013,42434.88,Good,25,14:00-22:30,PUB-0023,NCR-B126
JCL 693,PUJ,Del Monte Motor Works,HD48GT,2012,45394.17,Good,26,12:30-20:30,PUB-0050,NCR-B127
YQM 053,PUJ,Almazora Motors,Canter,2016,37573.62,Good,18,14:00-20:00,PUB-0088,NCR-B128
XMR 432,PUJ,Almazora Motors,Canter,2006,59133.39,Good,17,09:30-15:30,PUB-0058,NCR-B129
PYI 862,PUJ,Sta. Rosa Motor Works,Bagong Jeep,2011,30505.51,Good,37,08:00-18:00,PUB-0026,NCR-B130
ZCH 430,PUJ,Global Electric Transport,COMET,2010,57314.69,Bad,16,16:30-01:30,PUB-0052,NCR-B131
TWF 646,PUJ,Del Monte Motor Works,HD50S,2008,37193.11,Good,40,16:00-23:00,PUB-0038,NCR-B132
KUM 087,PUJ,Sta. Rosa Motor Works,Bagong Jeep,2003,40083.21,Good,13,10:00-18:00,PUB-0030,NCR-B133
DXG 214,PUJ,Global Electric Transport,COMET,2012,54876.35,Good,29,05:00-17:30,PUB-0042,NCR-B134
ALW 497,PUJ,Del Monte Motor Works,HD48GT,2016,33446.88,Good,14,09:30-19:00,PUB-0088,NCR-B135
GTG 753,PUJ,Almazora Motors,Canter,2007,35165.38,Good,37,10:00-22:30,PUB-0078,NCR-B136
JCI 252,PUJ,Star 8 Green Technology,Solar,2006,35880.34,Good,36,15:00-21:30,PUB-0026,NCR-B137
ZQP 162,PUJ,Del Monte Motor Works,HD48GT,2010,40388.08,Good,33,16:30-00:30,PUB-0085,NCR-B138
ZJM 141,PUJ,Global Electric Transport,COMET,2003,46322.86,Good,17,05:00-13:00,PUB-0030,NCR-B139
PQP 064,PUJ,Star 8 Green Technology,Solar,2008,57111.65,Good,30,08:00-17:30,PUB-0046,NCR-B140
OTP 338,PUJ,Almazora Motors,QKR77,2003,47735.36,Good,25,16:00-22:30,PUB-0058,NCR-B141
ZQB 477,PUJ,Del Monte Motor Works,HD48GT,2018,34207.16,Good,19,12:00-18:30,PUB-0085,NCR-B142
PAT 152,PUJ,Sta. Rosa Motor Works,Bagong Jeep,2012,33286.17,Good,29,13:00-23:30,PUB-0064,NCR-B143
BKV 651,PUJ,Del Monte Motor Works,HD50S,2013,30485.49,Good,17,10:00-16:00,PUB-0052,NCR-B144
LFV 042,PUJ,Almazora Motors,QKR77,2020,45878.43,Good,16,13:00-22:00,PUB-0030,NCR-B145
WEO 529,PUJ,Hino Motors,Hino 300,2012,34200.8,Good,14,13:30-01:00,PUB-0088,NCR-B146
ZDG 923,PUJ,Almazora Motors,Canter,2004,59191.54,Good,15,16:30-03:00,PUB-0064,NCR-B147
DKQ 272,PUJ,Almazora Motors,QKR77,2011,47167.8,Good,27,07:30-19:00,PUB-0042,NCR-B148
XHS 530,PUJ,Almazora Motors,Canter,2006,30309.86,Good,16,07:30-16:30,PUB-0023,NCR-B149
PLG 513,PUJ,Del Monte Motor Works,HD48GT,2008,56424.86,Good,23,05:30-17:00,PUB-0046,NCR-B150
GTI 686,PUJ,Global Electric Transport,COMET,2003,39157.98,Good,14,08:30-17:00,PUB-0023,NCR-B151
JYB 450,PUJ,Global Electric Transport,COMET,2013,57058.44,Good,13,10:00-18:00,PUB-0023,NCR-B152
ZEM 387,PUJ,Sta. Rosa Motor Works,Bagong Jeep,2005,57444.44,Good,16,09:00-19:30,PUB-0050,NCR-B153
JGN 693,PUJ,Del Monte Motor Works,HD48GT,2018,57418.66,Good,17,11:00-18:30,PUB-0064,NCR-B154
GVX 339,PUJ,Sta. Rosa Motor Works,SR Jeep,2010,59892.55,Good,34,05:00-12:30,PUB-0050,NCR-B155
WZH 715,PUJ,Del Monte Motor Works,HD48GT,2013,31897.52,Good,36,16:30-02:30,PUB-0062,NCR-B156
EBD 186,PUJ,Almazora Motors,QKR77,2016,53204.41,Good,13,06:00-17:00,PUB-0050,NCR-B157
UZX 756,PUJ,Star 8 Green Technology,Solar,2012,48910.73,Good,32,06:00-12:30,PUB-0058,NCR-B158
CRL 911,PUJ,Sta. Rosa Motor Works,SR Jeep,2013,49442.32,Good,18,06:30-14:00,PUB-0064,NCR-B159
WHH 374,PUJ,Del Monte Motor Works,HD50S,2007,44424.69,Good,21,13:30-00:30,PUB-0046,NCR-B160
BAR 590,PUJ,Del Monte Motor Works,HD48GT,2003,45104.15,Good,39,08:30-20:30,PUB-0050,NCR-B161
UDQ 322,PUJ,Almazora Motors,Canter,2008,59141.81,Good,26,09:00-19:30,PUB-0052,NCR-B162
UKZ 112,PUJ,Almazora Motors,QKR77,2018,55768.84,Good,38,12:30-18:30,PUB-0052,NCR-B163
AUJ 186,PUJ,Global Electric Transport,COMET,2015,34345.79,Good,26,09:00-21:30,PUB-0085,NCR-B164
ZBK 333,PUJ,Sta. Rosa Motor Works,Bagong Jeep,2020,40715.03,Bad,25,12:30-22:30,PUB-0030,NCR-B165
ESD 825,PUJ,Del Monte Motor Works,HD50S,2016,44387.75,Good,24,08:30-15:30,PUB-0085,NCR-B166
ZDO 196,PUJ,Sta. Rosa Motor Works,SR Jeep,2017,30178.17,Good,32,04:00-14:00,PUB-0085,NCR-B167
NWW 484,PUJ,Almazora Motors,QKR77,2006,58764.39,Good,13,04:00-16:00,PUB-0085,NCR-B168
XXL 094,UV,Isuzu,Crosswind,2018,37433.08,Good,34,15:00-22:00,PUB-0093,NCR-B169
HAO 359,UV,Nissan,Urvan,2012,40880.68,Good,12,09:30-18:00,PUB-0093,NCR-B170
ULV 213,UV,Isuzu,Crosswind,2005,38677.02,Good,21,08:30-19:30,PUB-0090,NCR-B171
GNQ 305,UV,Nissan,Urvan,2011,41511.95,Good,24,05:00-14:30,PUB-0093,NCR-B172
VDU 036,UV,Isuzu,Crosswind,2012,37337.35,Good,34,06:00-15:00,PUB-0093,NCR-B173
GZT 995,UV,Nissan,Urvan,2020,42883.48,Good,27,05:30-16:00,PUB-0097,NCR-B174
SJC 933,UV,Isuzu,Crosswind,2022,40076.25,Good,36,11:30-21:00,PUB-0097,NCR-B175
SCP 763,UV,Isuzu,Crosswind,2021,55128.24,Good,26,04:00-13:00,PUB-0094,NCR-B176
JQG 491,UV,Isuzu,Crosswind,2012,38437.58,Good,13,04:30-12:00,PUB-0096,NCR-B177
KGQ 194,UV,Nissan,Urvan,2014,48723.81,Good,29,04:30-16:00,PUB-0095,NCR-B178
NHJ 274,UV,Nissan,Urvan,2012,41211.27,Good,17,15:30-03:00,PUB-0095,NCR-B179
FXN 431,UV,Isuzu,Crosswind,2022,51261.99,Good,27,10:00-21:00,PUB-0090,NCR-B180
VXK 086,UV,Nissan,Urvan,2015,37307.03,Good,33,13:00-23:30,PUB-0099,NCR-B181
BTW 058,UV,Isuzu,Crosswind,2007,55897.34,Good,17,08:00-19:00,PUB-0093,NCR-B182
REE 091,UV,Nissan,Urvan,2021,50212.52,Good,32,14:00-21:00,PUB-0099,NCR-B183
HWO 977,UV,Nissan,Urvan,2008,52425.56,Good,14,14:00-22:00,PUB-0100,NCR-B184
ZMP 586,UV,Isuzu,Crosswind,2015,45104.27,Good,19,15:00-00:30,PUB-0092,NCR-B185
KMA 898,UV,Isuzu,Crosswind,2003,31200.69,Good,20,04:00-13:00,PUB-0097,NCR-B186
LXK 939,UV,Isuzu,Crosswind,2019,55260.5,Good,29,08:00-19:00,PUB-0099,NCR-B187
YML 512,UV,Isuzu,Crosswind,2016,36323.14,Good,28,05:00-13:30,PUB-0091,NCR-B188
ESG 534,UV,Isuzu,Crosswind,2003,36542.81,Good,33,05:30-13:00,PUB-0091,NCR-B189
LHS 643,UV,Nissan,Urvan,2007,40790.88,Good,37,16:00-00:30,PUB-0091,NCR-B190
JCZ 322,UV,Nissan,Urvan,2014,40114.63,Good,21,06:30-17:00,PUB-0097,NCR-B191
MVM 897,UV,Nissan,Urvan,2005,55527.27,Good,20,05:00-16:30,PUB-0095,NCR-B192
QNT 673,UV,Isuzu,Crosswind,2020,50119.38,Good,17,12:00-20:30,PUB-0097,NCR-B193
LGY 061,UV,Nissan,Urvan,2008,49376.05,Good,16,11:30-17:30,PUB-0095,NCR-B194
JBV 479,UV,Isuzu,Crosswind,2010,36989.25,Good,21,08:00-18:30,PUB-0090,NCR-B195
DXO 600,UV,Isuzu,Crosswind,2007,36529.22,Good,16,10:00-17:30,PUB-0092,NCR-B196
OUO 075,UV,Isuzu,Crosswind,2020,38319,Good,14,06:00-18:30,PUB-0098,NCR-B197
JVW 987,UV,Nissan,Urvan,2006,30547.7,Good,14,05:30-11:30,PUB-0092,NCR-B198
FJQ 316,UV,Nissan,Urvan,2008,43198.06,Good,13,09:30-17:00,PUB-0091,NCR-B199
IOD 409,UV,Nissan,Urvan,2016,46970.64,Good,25,06:30-14:30,PUB-0090,NCR-B200
YRR 580,UV,Nissan,Urvan,2020,41305.97,Good,16,12:00-21:00,PUB-0092,NCR-B201
BQZ 697,UV,Nissan,Urvan,2006,42194.17,Good,16,13:00-22:00,PUB-0091,NCR-B202
WZS 394,UV,Nissan,Urvan,2012,33521.39,Good,12,06:30-16:00,PUB-0094,NCR-B203
LBC 895,UV,Isuzu,Crosswind,2016,47939.19,Good,40,09:00-18:00,PUB-0098,NCR-B204
HSX 160,UV,Nissan,Urvan,2015,45084.69,Bad,12,12:30-20:00,PUB-0099,NCR-B205
HDD 148,UV,Isuzu,Crosswind,2010,36898.36,Good,31,08:30-16:30,PUB-0090,NCR-B206
HCU 398,UV,Nissan,Urvan,2008,51915.32,Good,33,09:30-20:30,PUB-0098,NCR-B207
PUR 318,UV,Isuzu,Crosswind,2007,57930.44,Good,14,15:00-21:00,PUB-0096,NCR-B208
ENL 081,UV,Isuzu,Crosswind,2021,35150.98,Bad,29,04:00-16:00,PUB-0096,NCR-B209
MGW 201,UV,Nissan,Urvan,2010,34440.32,Good,33,05:30-15:30,PUB-0099,NCR-B210
KOR 162,UV,Isuzu,Crosswind,2006,42782.59,Good,38,11:00-19:30,PUB-0090,NCR-B211
DJT 986,UV,Isuzu,Crosswind,2009,38297.34,Good,37,08:00-17:30,PUB-0096,NCR-B212
JGB 006,UV,Nissan,Urvan,2013,31352.61,Good,21,06:00-15:30,PUB-0096,NCR-B213
EPF 891,UV,Isuzu,Crosswind,2009,39043.07,Good,39,11:30-21:00,PUB-0092,NCR-B214
YMG 816,UV,Nissan,Urvan,2007,42669.14,Bad,12,16:30-01:00,PUB-0092,NCR-B215
TAD 620,UV,Nissan,Urvan,2015,36819.07,Good,37,12:00-22:30,PUB-0096,NCR-B216
NEX 786,UV,Isuzu,Crosswind,2016,37065.14,Good,28,05:00-16:00,PUB-0096,NCR-B217
VNQ 344,UV,Isuzu,Crosswind,2003,55151.63,Good,22,15:00-01:30,PUB-0096,NCR-B218
NGE 900,UV,Nissan,Urvan,2018,30176.72,Good,25,15:00-21:30,PUB-0092,NCR-B219
LVT 937,UV,Nissan,Urvan,2018,39347.29,Good,27,11:00-22:30,PUB-0095,NCR-B220
RFD 011,UV,Isuzu,Crosswind,2013,31220.34,Good,32,06:30-15:00,PUB-0098,NCR-B221
JOM 470,UV,Nissan,Urvan,2015,57816.24,Bad,35,04:00-16:30,PUB-0095,NCR-B222
IWZ 304,UV,Nissan,Urvan,2003,53299.72,Good,31,16:30-01:00,PUB-0092,NCR-B223
CMV 295,UV,Isuzu,Crosswind,2013,39801.07,Good,15,09:00-20:30,PUB-0090,NCR-B224
RRB 220,UV,Isuzu,Crosswind,2014,36713.72,Good,17,08:30-18:30,PUB-0096,NCR-B225
OAO 222,UV,Nissan,Urvan,2010,48035.59,Good,35,08:00-17:00,PUB-0098,NCR-B226
CAZ 488,UV,Nissan,Urvan,2019,38602.44,Good,28,05:30-14:30,PUB-0095,NCR-B227
YDZ 820,UV,Isuzu,Crosswind,2020,49741.69,Good,24,15:00-21:30,PUB-0096,NCR-B228
FRX 232,UV,Isuzu,Crosswind,2013,41193.14,Bad,26,13:30-00:00,PUB-0098,NCR-B229
DIL 922,UV,Nissan,Urvan,2006,43012.01,Good,18,09:30-20:00,PUB-0096,NCR-B230
TOE 745,UV,Isuzu,Crosswind,2012,35675.84,Good,37,16:30-01:30,PUB-0098,NCR-B231
KWC 017,UV,Isuzu,Crosswind,2021,45711.14,Good,39,06:00-13:30,PUB-0091,NCR-B232
UMH 817,UV,Nissan,Urvan,2019,39188.46,Bad,32,15:00-01:30,PUB-0092,NCR-B233
ZSP 260,UV,Isuzu,Crosswind,2022,57086.97,Good,18,15:00-02:00,PUB-0091,NCR-B234
EGS 870,UV,Isuzu,Crosswind,2015,35203.71,Good,30,04:00-14:00,PUB-0098,NCR-B235
MYF 825,UV,Nissan,Urvan,2004,52327.03,Good,19,05:30-13:00,PUB-0095,NCR-B236
KCZ 325,UV,Nissan,Urvan,2012,56649.13,Good,34,11:00-18:00,PUB-0095,NCR-B237
YLJ 084,UV,Isuzu,Crosswind,2013,35818.71,Good,21,15:30-02:00,PUB-0090,NCR-B238
EOU 317,UV,Nissan,Urvan,2004,37533.7,Good,27,04:30-11:00,PUB-0090,NCR-B239
BQI 805,UV,Isuzu,Crosswind,2017,36325.71,Good,13,10:00-18:30,PUB-0090,NCR-B240
HIZ 296,UV,Nissan,Urvan,2004,38036.61,Good,24,10:00-22:30,PUB-0090,NCR-B241
LKN 207,UV,Isuzu,Crosswind,2021,31381.91,Good,16,06:30-12:30,PUB-0098,NCR-B242
SSM 222,UV,Nissan,Urvan,2021,56834.5,Good,37,09:00-17:00,PUB-0090,NCR-B243
